destination_id,destination_name,main_category,sub_category,district_location,estimated_ticket_price,price_level,destination_rating,visit_duration_hours,accessibility_level,suitable_for,activity_tags,public_facilities,destination_description,destination_profile_text,deskripsi_destinasi_model,item_profile_model,jumlah_interaksi_train,jumlah_relevan_train,popularitas_norm
D0001,Kawah Ijen,Alam,gunung,Kalipuro,50000,Sedang,4.1,4.0,Mudah,Teman,"alam, pegunungan, air terjun, hutan, pemandangan","area parkir, toilet, spot foto, jalur trekking, warung","Kawah Ijen adalah destinasi Alam di Kecamatan Kalipuro dengan subkategori gunung. Destinasi ini cocok untuk perjalanan teman, menawarkan aktivitas alam, pegunungan, air terjun, hutan, estimasi tiket Rp50.000, durasi kunjungan sekitar 4 jam, aksesibilitas mudah, dan rating 4.1/5.",Kawah Ijen Alam gunung alam pegunungan air terjun hutan pemandangan area parkir toilet spot foto jalur trekking warung harga_sedang akses_mudah durasi_4_jam cocok_teman,"Kawah Ijen adalah destinasi Alam di Kecamatan Kalipuro dengan subkategori gunung. Destinasi ini cocok untuk perjalanan teman, menawarkan aktivitas alam, pegunungan, air terjun, hutan, estimasi tiket Rp50.000, durasi kunjungan sekitar 4 jam, aksesibilitas mudah, dan rating 4.1/5.","kawah ijen alam gunung alam, pegunungan, air terjun, hutan, pemandangan area parkir, toilet, spot foto, jalur trekking, warung kawah ijen adalah destinasi alam di kecamatan kalipuro dengan subkategori gunung. destinasi ini cocok untuk perjalanan teman, menawarkan aktivitas alam, pegunungan, air terjun, hutan, estimasi tiket rp50.000, durasi kunjungan sekitar 4 jam, aksesibilitas mudah, dan rating 4.1/5. harga_sedang akses_mudah durasi_4_jam cocok_teman",224,119,0.64254697697521
D0002,Hutan De Djawatan,Alam,hutan,Glenmore,50000,Sedang,4.1,4.0,Sulit,Keluarga,"alam, pegunungan, air terjun, hutan, pemandangan","area parkir, toilet, spot foto, jalur trekking, warung","Hutan De Djawatan adalah destinasi Alam di Kecamatan Glenmore dengan subkategori hutan. Destinasi ini cocok untuk perjalanan keluarga, menawarkan aktivitas alam, pegunungan, air terjun, hutan, estimasi tiket Rp50.000, durasi kunjungan sekitar 4 jam, aksesibilitas sulit, dan rating 4.1/5.",Hutan De Djawatan Alam hutan alam pegunungan air terjun hutan pemandangan area parkir toilet spot foto jalur trekking warung harga_sedang akses_sulit durasi_4_jam cocok_keluarga,"Hutan De Djawatan adalah destinasi Alam di Kecamatan Glenmore dengan subkategori hutan. Destinasi ini cocok untuk perjalanan keluarga, menawarkan aktivitas alam, pegunungan, air terjun, hutan, estimasi tiket Rp50.000, durasi kunjungan sekitar 4 jam, aksesibilitas sulit, dan rating 4.1/5.","hutan de djawatan alam hutan alam, pegunungan, air terjun, hutan, pemandangan area parkir, toilet, spot foto, jalur trekking, warung hutan de djawatan adalah destinasi alam di kecamatan glenmore dengan subkategori hutan. destinasi ini cocok untuk perjalanan keluarga, menawarkan aktivitas alam, pegunungan, air terjun, hutan, estimasi tiket rp50.000, durasi kunjungan sekitar 4 jam, aksesibilitas sulit, dan rating 4.1/5. harga_sedang akses_sulit durasi_4_jam cocok_keluarga",225,92,0.6463327925996142
D0003,Air Terjun Jagir,Alam,air terjun,Glenmore,25000,Rendah,4.0,1.0,Mudah,Komunitas,"alam, pegunungan, air terjun, hutan, pemandangan","area parkir, toilet, spot foto, jalur trekking, warung","Air Terjun Jagir adalah destinasi Alam di Kecamatan Glenmore dengan subkategori air terjun. Destinasi ini cocok untuk perjalanan komunitas, menawarkan aktivitas alam, pegunungan, air terjun, hutan, estimasi tiket Rp25.000, durasi kunjungan sekitar 1 jam, aksesibilitas mudah, dan rating 4/5.",Air Terjun Jagir Alam air terjun alam pegunungan air terjun hutan pemandangan area parkir toilet spot foto jalur trekking warung harga_rendah akses_mudah durasi_1_jam cocok_komunitas,"Air Terjun Jagir adalah destinasi Alam di Kecamatan Glenmore dengan subkategori air terjun. Destinasi ini cocok untuk perjalanan komunitas, menawarkan aktivitas alam, pegunungan, air terjun, hutan, estimasi tiket Rp25.000, durasi kunjungan sekitar 1 jam, aksesibilitas mudah, dan rating 4/5.","air terjun jagir alam air terjun alam, pegunungan, air terjun, hutan, pemandangan area parkir, toilet, spot foto, jalur trekking, warung air terjun jagir adalah destinasi alam di kecamatan glenmore dengan subkategori air terjun. destinasi ini cocok untuk perjalanan komunitas, menawarkan aktivitas alam, pegunungan, air terjun, hutan, estimasi tiket rp25.000, durasi kunjungan sekitar 1 jam, aksesibilitas mudah, dan rating 4/5. harga_rendah akses_mudah durasi_1_jam cocok_komunitas",149,97,0.29640140434819223
D0004,Air Terjun Lider,Alam,danau,Muncar,10000,Rendah,4.5,4.0,Sedang,Komunitas,"alam, pegunungan, air terjun, hutan, pemandangan","area parkir, toilet, spot foto, jalur trekking, warung","Air Terjun Lider adalah destinasi Alam di Kecamatan Muncar dengan subkategori danau. Destinasi ini cocok untuk perjalanan komunitas, menawarkan aktivitas alam, pegunungan, air terjun, hutan, estimasi tiket Rp10.000, durasi kunjungan sekitar 4 jam, aksesibilitas sedang, dan rating 4.5/5.",Air Terjun Lider Alam danau alam pegunungan air terjun hutan pemandangan area parkir toilet spot foto jalur trekking warung harga_rendah akses_sedang durasi_4_jam cocok_komunitas,"Air Terjun Lider adalah destinasi Alam di Kecamatan Muncar dengan subkategori danau. Destinasi ini cocok untuk perjalanan komunitas, menawarkan aktivitas alam, pegunungan, air terjun, hutan, estimasi tiket Rp10.000, durasi kunjungan sekitar 4 jam, aksesibilitas sedang, dan rating 4.5/5.","air terjun lider alam danau alam, pegunungan, air terjun, hutan, pemandangan area parkir, toilet, spot foto, jalur trekking, warung air terjun lider adalah destinasi alam di kecamatan muncar dengan subkategori danau. destinasi ini cocok untuk perjalanan komunitas, menawarkan aktivitas alam, pegunungan, air terjun, hutan, estimasi tiket rp10.000, durasi kunjungan sekitar 4 jam, aksesibilitas sedang, dan rating 4.5/5. harga_rendah akses_sedang durasi_4_jam cocok_komunitas",299,191,0.888141169205394
D0005,Air Terjun Telunjuk Raung,Alam,agrowisata,Kalipuro,15000,Rendah,4.4,2.0,Sedang,Keluarga,"alam, pegunungan, air terjun, hutan, pemandangan","area parkir, toilet, spot foto, jalur trekking, warung","Air Terjun Telunjuk Raung adalah destinasi Alam di Kecamatan Kalipuro dengan subkategori agrowisata. Destinasi ini cocok untuk perjalanan keluarga, menawarkan aktivitas alam, pegunungan, air terjun, hutan, estimasi tiket Rp15.000, durasi kunjungan sekitar 2 jam, aksesibilitas sedang, dan rating 4.4/5.",Air Terjun Telunjuk Raung Alam agrowisata alam pegunungan air terjun hutan pemandangan area parkir toilet spot foto jalur trekking warung harga_rendah akses_sedang durasi_2_jam cocok_keluarga,"Air Terjun Telunjuk Raung adalah destinasi Alam di Kecamatan Kalipuro dengan subkategori agrowisata. Destinasi ini cocok untuk perjalanan keluarga, menawarkan aktivitas alam, pegunungan, air terjun, hutan, estimasi tiket Rp15.000, durasi kunjungan sekitar 2 jam, aksesibilitas sedang, dan rating 4.4/5.","air terjun telunjuk raung alam agrowisata alam, pegunungan, air terjun, hutan, pemandangan area parkir, toilet, spot foto, jalur trekking, warung air terjun telunjuk raung adalah destinasi alam di kecamatan kalipuro dengan subkategori agrowisata. destinasi ini cocok untuk perjalanan keluarga, menawarkan aktivitas alam, pegunungan, air terjun, hutan, estimasi tiket rp15.000, durasi kunjungan sekitar 2 jam, aksesibilitas sedang, dan rating 4.4/5. harga_rendah akses_sedang durasi_2_jam cocok_keluarga",245,150,0.7187235980031703
D0006,Sendang Seruni,Alam,gunung,Banyuwangi,50000,Sedang,4.4,2.0,Mudah,Pasangan,"alam, pegunungan, air terjun, hutan, pemandangan","area parkir, toilet, spot foto, jalur trekking, warung","Sendang Seruni adalah destinasi Alam di Kecamatan Banyuwangi dengan subkategori gunung. Destinasi ini cocok untuk perjalanan pasangan, menawarkan aktivitas alam, pegunungan, air terjun, hutan, estimasi tiket Rp50.000, durasi kunjungan sekitar 2 jam, aksesibilitas mudah, dan rating 4.4/5.",Sendang Seruni Alam gunung alam pegunungan air terjun hutan pemandangan area parkir toilet spot foto jalur trekking warung harga_sedang akses_mudah durasi_2_jam cocok_pasangan,"Sendang Seruni adalah destinasi Alam di Kecamatan Banyuwangi dengan subkategori gunung. Destinasi ini cocok untuk perjalanan pasangan, menawarkan aktivitas alam, pegunungan, air terjun, hutan, estimasi tiket Rp50.000, durasi kunjungan sekitar 2 jam, aksesibilitas mudah, dan rating 4.4/5.","sendang seruni alam gunung alam, pegunungan, air terjun, hutan, pemandangan area parkir, toilet, spot foto, jalur trekking, warung sendang seruni adalah destinasi alam di kecamatan banyuwangi dengan subkategori gunung. destinasi ini cocok untuk perjalanan pasangan, menawarkan aktivitas alam, pegunungan, air terjun, hutan, estimasi tiket rp50.000, durasi kunjungan sekitar 2 jam, aksesibilitas mudah, dan rating 4.4/5. harga_sedang akses_mudah durasi_2_jam cocok_pasangan",268,101,0.7950271727118255
D0007,Savana Sadengan,Alam,hutan,Rogojampi,10000,Rendah,4.3,2.0,Sedang,Komunitas,"alam, pegunungan, air terjun, hutan, pemandangan","area parkir, toilet, spot foto, jalur trekking, warung","Savana Sadengan adalah destinasi Alam di Kecamatan Rogojampi dengan subkategori hutan. Destinasi ini cocok untuk perjalanan komunitas, menawarkan aktivitas alam, pegunungan, air terjun, hutan, estimasi tiket Rp10.000, durasi kunjungan sekitar 2 jam, aksesibilitas sedang, dan rating 4.3/5.",Savana Sadengan Alam hutan alam pegunungan air terjun hutan pemandangan area parkir toilet spot foto jalur trekking warung harga_rendah akses_sedang durasi_2_jam cocok_komunitas,"Savana Sadengan adalah destinasi Alam di Kecamatan Rogojampi dengan subkategori hutan. Destinasi ini cocok untuk perjalanan komunitas, menawarkan aktivitas alam, pegunungan, air terjun, hutan, estimasi tiket Rp10.000, durasi kunjungan sekitar 2 jam, aksesibilitas sedang, dan rating 4.3/5.","savana sadengan alam hutan alam, pegunungan, air terjun, hutan, pemandangan area parkir, toilet, spot foto, jalur trekking, warung savana sadengan adalah destinasi alam di kecamatan rogojampi dengan subkategori hutan. destinasi ini cocok untuk perjalanan komunitas, menawarkan aktivitas alam, pegunungan, air terjun, hutan, estimasi tiket rp10.000, durasi kunjungan sekitar 2 jam, aksesibilitas sedang, dan rating 4.3/5. harga_rendah akses_sedang durasi_2_jam cocok_komunitas",275,154,0.8169582876315977
D0008,Rowo Bayu,Alam,air terjun,Banyuwangi,75000,Sedang,4.0,2.5,Sedang,Solo,"alam, pegunungan, air terjun, hutan, pemandangan","area parkir, toilet, spot foto, jalur trekking, warung","Rowo Bayu adalah destinasi Alam di Kecamatan Banyuwangi dengan subkategori air terjun. Destinasi ini cocok untuk perjalanan solo, menawarkan aktivitas alam, pegunungan, air terjun, hutan, estimasi tiket Rp75.000, durasi kunjungan sekitar 2.5 jam, aksesibilitas sedang, dan rating 4/5.",Rowo Bayu Alam air terjun alam pegunungan air terjun hutan pemandangan area parkir toilet spot foto jalur trekking warung harga_sedang akses_sedang durasi_2.5_jam cocok_solo,"Rowo Bayu adalah destinasi Alam di Kecamatan Banyuwangi dengan subkategori air terjun. Destinasi ini cocok untuk perjalanan solo, menawarkan aktivitas alam, pegunungan, air terjun, hutan, estimasi tiket Rp75.000, durasi kunjungan sekitar 2.5 jam, aksesibilitas sedang, dan rating 4/5.","rowo bayu alam air terjun alam, pegunungan, air terjun, hutan, pemandangan area parkir, toilet, spot foto, jalur trekking, warung rowo bayu adalah destinasi alam di kecamatan banyuwangi dengan subkategori air terjun. destinasi ini cocok untuk perjalanan solo, menawarkan aktivitas alam, pegunungan, air terjun, hutan, estimasi tiket rp75.000, durasi kunjungan sekitar 2.5 jam, aksesibilitas sedang, dan rating 4/5. harga_sedang akses_sedang durasi_2_jam cocok_solo",164,73,0.37776770715901525
D0009,Perkebunan Kalibendo,Alam,danau,Glenmore,30000,Sedang,4.3,4.0,Sedang,Pasangan,"alam, pegunungan, air terjun, hutan, pemandangan","area parkir, toilet, spot foto, jalur trekking, warung","Perkebunan Kalibendo adalah destinasi Alam di Kecamatan Glenmore dengan subkategori danau. Destinasi ini cocok untuk perjalanan pasangan, menawarkan aktivitas alam, pegunungan, air terjun, hutan, estimasi tiket Rp30.000, durasi kunjungan sekitar 4 jam, aksesibilitas sedang, dan rating 4.3/5.",Perkebunan Kalibendo Alam danau alam pegunungan air terjun hutan pemandangan area parkir toilet spot foto jalur trekking warung harga_sedang akses_sedang durasi_4_jam cocok_pasangan,"Perkebunan Kalibendo adalah destinasi Alam di Kecamatan Glenmore dengan subkategori danau. Destinasi ini cocok untuk perjalanan pasangan, menawarkan aktivitas alam, pegunungan, air terjun, hutan, estimasi tiket Rp30.000, durasi kunjungan sekitar 4 jam, aksesibilitas sedang, dan rating 4.3/5.","perkebunan kalibendo alam danau alam, pegunungan, air terjun, hutan, pemandangan area parkir, toilet, spot foto, jalur trekking, warung perkebunan kalibendo adalah destinasi alam di kecamatan glenmore dengan subkategori danau. destinasi ini cocok untuk perjalanan pasangan, menawarkan aktivitas alam, pegunungan, air terjun, hutan, estimasi tiket rp30.000, durasi kunjungan sekitar 4 jam, aksesibilitas sedang, dan rating 4.3/5. harga_sedang akses_sedang durasi_4_jam cocok_pasangan",268,140,0.7950271727118255
D0010,Agro Wisata Tamansuruh,Alam,agrowisata,Banyuwangi,15000,Rendah,4.6,1.0,Sedang,Pasangan,"alam, pegunungan, air terjun, hutan, pemandangan","area parkir, toilet, spot foto, jalur trekking, warung","Agro Wisata Tamansuruh adalah destinasi Alam di Kecamatan Banyuwangi dengan subkategori agrowisata. Destinasi ini cocok untuk perjalanan pasangan, menawarkan aktivitas alam, pegunungan, air terjun, hutan, estimasi tiket Rp15.000, durasi kunjungan sekitar 1 jam, aksesibilitas sedang, dan rating 4.6/5.",Agro Wisata Tamansuruh Alam agrowisata alam pegunungan air terjun hutan pemandangan area parkir toilet spot foto jalur trekking warung harga_rendah akses_sedang durasi_1_jam cocok_pasangan,"Agro Wisata Tamansuruh adalah destinasi Alam di Kecamatan Banyuwangi dengan subkategori agrowisata. Destinasi ini cocok untuk perjalanan pasangan, menawarkan aktivitas alam, pegunungan, air terjun, hutan, estimasi tiket Rp15.000, durasi kunjungan sekitar 1 jam, aksesibilitas sedang, dan rating 4.6/5.","agro wisata tamansuruh alam agrowisata alam, pegunungan, air terjun, hutan, pemandangan area parkir, toilet, spot foto, jalur trekking, warung agro wisata tamansuruh adalah destinasi alam di kecamatan banyuwangi dengan subkategori agrowisata. destinasi ini cocok untuk perjalanan pasangan, menawarkan aktivitas alam, pegunungan, air terjun, hutan, estimasi tiket rp15.000, durasi kunjungan sekitar 1 jam, aksesibilitas sedang, dan rating 4.6/5. harga_rendah akses_sedang durasi_1_jam cocok_pasangan",208,138,0.5795728127263629
D0011,Pantai Pulau Merah,Pantai,pantai,Genteng,75000,Sedang,4.2,1.0,Mudah,Solo,"pantai, laut, sunset, snorkeling, pasir","area parkir, toilet, gazebo, spot foto, warung","Pantai Pulau Merah adalah destinasi Pantai di Kecamatan Genteng dengan subkategori pantai. Destinasi ini cocok untuk perjalanan solo, menawarkan aktivitas pantai, laut, sunset, snorkeling, estimasi tiket Rp75.000, durasi kunjungan sekitar 1 jam, aksesibilitas mudah, dan rating 4.2/5.",Pantai Pulau Merah Pantai pantai pantai laut sunset snorkeling pasir area parkir toilet gazebo spot foto warung harga_sedang akses_mudah durasi_1_jam cocok_solo,"Pantai Pulau Merah adalah destinasi Pantai di Kecamatan Genteng dengan subkategori pantai. Destinasi ini cocok untuk perjalanan solo, menawarkan aktivitas pantai, laut, sunset, snorkeling, estimasi tiket Rp75.000, durasi kunjungan sekitar 1 jam, aksesibilitas mudah, dan rating 4.2/5.","pantai pulau merah pantai pantai pantai, laut, sunset, snorkeling, pasir area parkir, toilet, gazebo, spot foto, warung pantai pulau merah adalah destinasi pantai di kecamatan genteng dengan subkategori pantai. destinasi ini cocok untuk perjalanan solo, menawarkan aktivitas pantai, laut, sunset, snorkeling, estimasi tiket rp75.000, durasi kunjungan sekitar 1 jam, aksesibilitas mudah, dan rating 4.2/5. harga_sedang akses_mudah durasi_1_jam cocok_solo",284,70,0.8443520825425576
D0012,Pantai Plengkung G-Land,Pantai,marina,Glenmore,15000,Rendah,4.3,1.5,Sedang,Keluarga,"pantai, laut, sunset, snorkeling, pasir","area parkir, toilet, gazebo, spot foto, warung","Pantai Plengkung G-Land adalah destinasi Pantai di Kecamatan Glenmore dengan subkategori marina. Destinasi ini cocok untuk perjalanan keluarga, menawarkan aktivitas pantai, laut, sunset, snorkeling, estimasi tiket Rp15.000, durasi kunjungan sekitar 1.5 jam, aksesibilitas sedang, dan rating 4.3/5.",Pantai Plengkung G-Land Pantai marina pantai laut sunset snorkeling pasir area parkir toilet gazebo spot foto warung harga_rendah akses_sedang durasi_1.5_jam cocok_keluarga,"Pantai Plengkung G-Land adalah destinasi Pantai di Kecamatan Glenmore dengan subkategori marina. Destinasi ini cocok untuk perjalanan keluarga, menawarkan aktivitas pantai, laut, sunset, snorkeling, estimasi tiket Rp15.000, durasi kunjungan sekitar 1.5 jam, aksesibilitas sedang, dan rating 4.3/5.","pantai plengkung g-land pantai marina pantai, laut, sunset, snorkeling, pasir area parkir, toilet, gazebo, spot foto, warung pantai plengkung g-land adalah destinasi pantai di kecamatan glenmore dengan subkategori marina. destinasi ini cocok untuk perjalanan keluarga, menawarkan aktivitas pantai, laut, sunset, snorkeling, estimasi tiket rp15.000, durasi kunjungan sekitar 1.5 jam, aksesibilitas sedang, dan rating 4.3/5. harga_rendah akses_sedang durasi_1_jam cocok_keluarga",298,114,0.8852907491140345
D0013,Pantai Boom Marina,Pantai,surfing,Muncar,50000,Sedang,4.2,4.0,Mudah,Solo,"pantai, laut, sunset, snorkeling, pasir","area parkir, toilet, gazebo, spot foto, warung","Pantai Boom Marina adalah destinasi Pantai di Kecamatan Muncar dengan subkategori surfing. Destinasi ini cocok untuk perjalanan solo, menawarkan aktivitas pantai, laut, sunset, snorkeling, estimasi tiket Rp50.000, durasi kunjungan sekitar 4 jam, aksesibilitas mudah, dan rating 4.2/5.",Pantai Boom Marina Pantai surfing pantai laut sunset snorkeling pasir area parkir toilet gazebo spot foto warung harga_sedang akses_mudah durasi_4_jam cocok_solo,"Pantai Boom Marina adalah destinasi Pantai di Kecamatan Muncar dengan subkategori surfing. Destinasi ini cocok untuk perjalanan solo, menawarkan aktivitas pantai, laut, sunset, snorkeling, estimasi tiket Rp50.000, durasi kunjungan sekitar 4 jam, aksesibilitas mudah, dan rating 4.2/5.","pantai boom marina pantai surfing pantai, laut, sunset, snorkeling, pasir area parkir, toilet, gazebo, spot foto, warung pantai boom marina adalah destinasi pantai di kecamatan muncar dengan subkategori surfing. destinasi ini cocok untuk perjalanan solo, menawarkan aktivitas pantai, laut, sunset, snorkeling, estimasi tiket rp50.000, durasi kunjungan sekitar 4 jam, aksesibilitas mudah, dan rating 4.2/5. harga_sedang akses_mudah durasi_4_jam cocok_solo",241,138,0.704728202200023
D0014,Pantai Wedi Ireng,Pantai,snorkeling,Genteng,20000,Rendah,4.9,4.0,Sedang,Teman,"pantai, laut, sunset, snorkeling, pasir","area parkir, toilet, gazebo, spot foto, warung","Pantai Wedi Ireng adalah destinasi Pantai di Kecamatan Genteng dengan subkategori snorkeling. Destinasi ini cocok untuk perjalanan teman, menawarkan aktivitas pantai, laut, sunset, snorkeling, estimasi tiket Rp20.000, durasi kunjungan sekitar 4 jam, aksesibilitas sedang, dan rating 4.9/5.",Pantai Wedi Ireng Pantai snorkeling pantai laut sunset snorkeling pasir area parkir toilet gazebo spot foto warung harga_rendah akses_sedang durasi_4_jam cocok_teman,"Pantai Wedi Ireng adalah destinasi Pantai di Kecamatan Genteng dengan subkategori snorkeling. Destinasi ini cocok untuk perjalanan teman, menawarkan aktivitas pantai, laut, sunset, snorkeling, estimasi tiket Rp20.000, durasi kunjungan sekitar 4 jam, aksesibilitas sedang, dan rating 4.9/5.","pantai wedi ireng pantai snorkeling pantai, laut, sunset, snorkeling, pasir area parkir, toilet, gazebo, spot foto, warung pantai wedi ireng adalah destinasi pantai di kecamatan genteng dengan subkategori snorkeling. destinasi ini cocok untuk perjalanan teman, menawarkan aktivitas pantai, laut, sunset, snorkeling, estimasi tiket rp20.000, durasi kunjungan sekitar 4 jam, aksesibilitas sedang, dan rating 4.9/5. harga_rendah akses_sedang durasi_4_jam cocok_teman",278,191,0.8261875669719994
D0015,Pantai Teluk Hijau,Pantai,konservasi,Genteng,75000,Sedang,4.7,1.0,Mudah,Keluarga,"pantai, laut, sunset, snorkeling, pasir","area parkir, toilet, gazebo, spot foto, warung","Pantai Teluk Hijau adalah destinasi Pantai di Kecamatan Genteng dengan subkategori konservasi. Destinasi ini cocok untuk perjalanan keluarga, menawarkan aktivitas pantai, laut, sunset, snorkeling, estimasi tiket Rp75.000, durasi kunjungan sekitar 1 jam, aksesibilitas mudah, dan rating 4.7/5.",Pantai Teluk Hijau Pantai konservasi pantai laut sunset snorkeling pasir area parkir toilet gazebo spot foto warung harga_sedang akses_mudah durasi_1_jam cocok_keluarga,"Pantai Teluk Hijau adalah destinasi Pantai di Kecamatan Genteng dengan subkategori konservasi. Destinasi ini cocok untuk perjalanan keluarga, menawarkan aktivitas pantai, laut, sunset, snorkeling, estimasi tiket Rp75.000, durasi kunjungan sekitar 1 jam, aksesibilitas mudah, dan rating 4.7/5.","pantai teluk hijau pantai konservasi pantai, laut, sunset, snorkeling, pasir area parkir, toilet, gazebo, spot foto, warung pantai teluk hijau adalah destinasi pantai di kecamatan genteng dengan subkategori konservasi. destinasi ini cocok untuk perjalanan keluarga, menawarkan aktivitas pantai, laut, sunset, snorkeling, estimasi tiket rp75.000, durasi kunjungan sekitar 1 jam, aksesibilitas mudah, dan rating 4.7/5. harga_sedang akses_mudah durasi_1_jam cocok_keluarga",229,87,0.6613103701741553
D0016,Pantai Sukamade,Pantai,pantai,Genteng,25000,Rendah,4.2,1.5,Sulit,Komunitas,"pantai, laut, sunset, snorkeling, pasir","area parkir, toilet, gazebo, spot foto, warung","Pantai Sukamade adalah destinasi Pantai di Kecamatan Genteng dengan subkategori pantai. Destinasi ini cocok untuk perjalanan komunitas, menawarkan aktivitas pantai, laut, sunset, snorkeling, estimasi tiket Rp25.000, durasi kunjungan sekitar 1.5 jam, aksesibilitas sulit, dan rating 4.2/5.",Pantai Sukamade Pantai pantai pantai laut sunset snorkeling pasir area parkir toilet gazebo spot foto warung harga_rendah akses_sulit durasi_1.5_jam cocok_komunitas,"Pantai Sukamade adalah destinasi Pantai di Kecamatan Genteng dengan subkategori pantai. Destinasi ini cocok untuk perjalanan komunitas, menawarkan aktivitas pantai, laut, sunset, snorkeling, estimasi tiket Rp25.000, durasi kunjungan sekitar 1.5 jam, aksesibilitas sulit, dan rating 4.2/5.","pantai sukamade pantai pantai pantai, laut, sunset, snorkeling, pasir area parkir, toilet, gazebo, spot foto, warung pantai sukamade adalah destinasi pantai di kecamatan genteng dengan subkategori pantai. destinasi ini cocok untuk perjalanan komunitas, menawarkan aktivitas pantai, laut, sunset, snorkeling, estimasi tiket rp25.000, durasi kunjungan sekitar 1.5 jam, aksesibilitas sulit, dan rating 4.2/5. harga_rendah akses_sulit durasi_1_jam cocok_komunitas",295,78,0.8766819364222528
D0017,Pantai Rajegwesi,Pantai,marina,Kalipuro,15000,Rendah,4.6,2.5,Sulit,Solo,"pantai, laut, sunset, snorkeling, pasir","area parkir, toilet, gazebo, spot foto, warung","Pantai Rajegwesi adalah destinasi Pantai di Kecamatan Kalipuro dengan subkategori marina. Destinasi ini cocok untuk perjalanan solo, menawarkan aktivitas pantai, laut, sunset, snorkeling, estimasi tiket Rp15.000, durasi kunjungan sekitar 2.5 jam, aksesibilitas sulit, dan rating 4.6/5.",Pantai Rajegwesi Pantai marina pantai laut sunset snorkeling pasir area parkir toilet gazebo spot foto warung harga_rendah akses_sulit durasi_2.5_jam cocok_solo,"Pantai Rajegwesi adalah destinasi Pantai di Kecamatan Kalipuro dengan subkategori marina. Destinasi ini cocok untuk perjalanan solo, menawarkan aktivitas pantai, laut, sunset, snorkeling, estimasi tiket Rp15.000, durasi kunjungan sekitar 2.5 jam, aksesibilitas sulit, dan rating 4.6/5.","pantai rajegwesi pantai marina pantai, laut, sunset, snorkeling, pasir area parkir, toilet, gazebo, spot foto, warung pantai rajegwesi adalah destinasi pantai di kecamatan kalipuro dengan subkategori marina. destinasi ini cocok untuk perjalanan solo, menawarkan aktivitas pantai, laut, sunset, snorkeling, estimasi tiket rp15.000, durasi kunjungan sekitar 2.5 jam, aksesibilitas sulit, dan rating 4.6/5. harga_rendah akses_sulit durasi_2_jam cocok_solo",168,114,0.39821658960093437
D0018,Pantai Cacalan,Pantai,surfing,Glenmore,20000,Rendah,4.1,4.0,Sedang,Pasangan,"pantai, laut, sunset, snorkeling, pasir","area parkir, toilet, gazebo, spot foto, warung","Pantai Cacalan adalah destinasi Pantai di Kecamatan Glenmore dengan subkategori surfing. Destinasi ini cocok untuk perjalanan pasangan, menawarkan aktivitas pantai, laut, sunset, snorkeling, estimasi tiket Rp20.000, durasi kunjungan sekitar 4 jam, aksesibilitas sedang, dan rating 4.1/5.",Pantai Cacalan Pantai surfing pantai laut sunset snorkeling pasir area parkir toilet gazebo spot foto warung harga_rendah akses_sedang durasi_4_jam cocok_pasangan,"Pantai Cacalan adalah destinasi Pantai di Kecamatan Glenmore dengan subkategori surfing. Destinasi ini cocok untuk perjalanan pasangan, menawarkan aktivitas pantai, laut, sunset, snorkeling, estimasi tiket Rp20.000, durasi kunjungan sekitar 4 jam, aksesibilitas sedang, dan rating 4.1/5.","pantai cacalan pantai surfing pantai, laut, sunset, snorkeling, pasir area parkir, toilet, gazebo, spot foto, warung pantai cacalan adalah destinasi pantai di kecamatan glenmore dengan subkategori surfing. destinasi ini cocok untuk perjalanan pasangan, menawarkan aktivitas pantai, laut, sunset, snorkeling, estimasi tiket rp20.000, durasi kunjungan sekitar 4 jam, aksesibilitas sedang, dan rating 4.1/5. harga_rendah akses_sedang durasi_4_jam cocok_pasangan",249,198,0.7324932517479509
D0019,Pantai Grand Watudodol,Pantai,snorkeling,Tegaldlimo,25000,Rendah,4.8,2.5,Mudah,Teman,"pantai, laut, sunset, snorkeling, pasir","area parkir, toilet, gazebo, spot foto, warung","Pantai Grand Watudodol adalah destinasi Pantai di Kecamatan Tegaldlimo dengan subkategori snorkeling. Destinasi ini cocok untuk perjalanan teman, menawarkan aktivitas pantai, laut, sunset, snorkeling, estimasi tiket Rp25.000, durasi kunjungan sekitar 2.5 jam, aksesibilitas mudah, dan rating 4.8/5.",Pantai Grand Watudodol Pantai snorkeling pantai laut sunset snorkeling pasir area parkir toilet gazebo spot foto warung harga_rendah akses_mudah durasi_2.5_jam cocok_teman,"Pantai Grand Watudodol adalah destinasi Pantai di Kecamatan Tegaldlimo dengan subkategori snorkeling. Destinasi ini cocok untuk perjalanan teman, menawarkan aktivitas pantai, laut, sunset, snorkeling, estimasi tiket Rp25.000, durasi kunjungan sekitar 2.5 jam, aksesibilitas mudah, dan rating 4.8/5.","pantai grand watudodol pantai snorkeling pantai, laut, sunset, snorkeling, pasir area parkir, toilet, gazebo, spot foto, warung pantai grand watudodol adalah destinasi pantai di kecamatan tegaldlimo dengan subkategori snorkeling. destinasi ini cocok untuk perjalanan teman, menawarkan aktivitas pantai, laut, sunset, snorkeling, estimasi tiket rp25.000, durasi kunjungan sekitar 2.5 jam, aksesibilitas mudah, dan rating 4.8/5. harga_rendah akses_mudah durasi_2_jam cocok_teman",207,167,0.5754783203486815
D0020,Pantai Cemara,Pantai,konservasi,Kalipuro,25000,Rendah,4.1,1.0,Sulit,Teman,"pantai, laut, sunset, snorkeling, pasir","area parkir, toilet, gazebo, spot foto, warung","Pantai Cemara adalah destinasi Pantai di Kecamatan Kalipuro dengan subkategori konservasi. Destinasi ini cocok untuk perjalanan teman, menawarkan aktivitas pantai, laut, sunset, snorkeling, estimasi tiket Rp25.000, durasi kunjungan sekitar 1 jam, aksesibilitas sulit, dan rating 4.1/5.",Pantai Cemara Pantai konservasi pantai laut sunset snorkeling pasir area parkir toilet gazebo spot foto warung harga_rendah akses_sulit durasi_1_jam cocok_teman,"Pantai Cemara adalah destinasi Pantai di Kecamatan Kalipuro dengan subkategori konservasi. Destinasi ini cocok untuk perjalanan teman, menawarkan aktivitas pantai, laut, sunset, snorkeling, estimasi tiket Rp25.000, durasi kunjungan sekitar 1 jam, aksesibilitas sulit, dan rating 4.1/5.","pantai cemara pantai konservasi pantai, laut, sunset, snorkeling, pasir area parkir, toilet, gazebo, spot foto, warung pantai cemara adalah destinasi pantai di kecamatan kalipuro dengan subkategori konservasi. destinasi ini cocok untuk perjalanan teman, menawarkan aktivitas pantai, laut, sunset, snorkeling, estimasi tiket rp25.000, durasi kunjungan sekitar 1 jam, aksesibilitas sulit, dan rating 4.1/5. harga_rendah akses_sulit durasi_1_jam cocok_teman",153,67,0.31886849109709453
D0021,Desa Adat Osing Kemiren,Budaya,desa wisata,Glenmore,75000,Sedang,4.6,3.0,Mudah,Solo,"budaya, osing, tradisi, seni, festival","area parkir, toilet, pemandu wisata, pusat informasi","Desa Adat Osing Kemiren adalah destinasi Budaya di Kecamatan Glenmore dengan subkategori desa wisata. Destinasi ini cocok untuk perjalanan solo, menawarkan aktivitas budaya, osing, tradisi, seni, estimasi tiket Rp75.000, durasi kunjungan sekitar 3 jam, aksesibilitas mudah, dan rating 4.6/5.",Desa Adat Osing Kemiren Budaya desa wisata budaya osing tradisi seni festival area parkir toilet pemandu wisata pusat informasi harga_sedang akses_mudah durasi_3_jam cocok_solo,"Desa Adat Osing Kemiren adalah destinasi Budaya di Kecamatan Glenmore dengan subkategori desa wisata. Destinasi ini cocok untuk perjalanan solo, menawarkan aktivitas budaya, osing, tradisi, seni, estimasi tiket Rp75.000, durasi kunjungan sekitar 3 jam, aksesibilitas mudah, dan rating 4.6/5.","desa adat osing kemiren budaya desa wisata budaya, osing, tradisi, seni, festival area parkir, toilet, pemandu wisata, pusat informasi desa adat osing kemiren adalah destinasi budaya di kecamatan glenmore dengan subkategori desa wisata. destinasi ini cocok untuk perjalanan solo, menawarkan aktivitas budaya, osing, tradisi, seni, estimasi tiket rp75.000, durasi kunjungan sekitar 3 jam, aksesibilitas mudah, dan rating 4.6/5. harga_sedang akses_mudah durasi_3_jam cocok_solo",200,131,0.5462534608873297
D0022,Taman Gandrung Terakota,Budaya,seni,Banyuwangi,25000,Rendah,4.5,3.0,Sulit,Keluarga,"budaya, osing, tradisi, seni, festival","area parkir, toilet, pemandu wisata, pusat informasi","Taman Gandrung Terakota adalah destinasi Budaya di Kecamatan Banyuwangi dengan subkategori seni. Destinasi ini cocok untuk perjalanan keluarga, menawarkan aktivitas budaya, osing, tradisi, seni, estimasi tiket Rp25.000, durasi kunjungan sekitar 3 jam, aksesibilitas sulit, dan rating 4.5/5.",Taman Gandrung Terakota Budaya seni budaya osing tradisi seni festival area parkir toilet pemandu wisata pusat informasi harga_rendah akses_sulit durasi_3_jam cocok_keluarga,"Taman Gandrung Terakota adalah destinasi Budaya di Kecamatan Banyuwangi dengan subkategori seni. Destinasi ini cocok untuk perjalanan keluarga, menawarkan aktivitas budaya, osing, tradisi, seni, estimasi tiket Rp25.000, durasi kunjungan sekitar 3 jam, aksesibilitas sulit, dan rating 4.5/5.","taman gandrung terakota budaya seni budaya, osing, tradisi, seni, festival area parkir, toilet, pemandu wisata, pusat informasi taman gandrung terakota adalah destinasi budaya di kecamatan banyuwangi dengan subkategori seni. destinasi ini cocok untuk perjalanan keluarga, menawarkan aktivitas budaya, osing, tradisi, seni, estimasi tiket rp25.000, durasi kunjungan sekitar 3 jam, aksesibilitas sulit, dan rating 4.5/5. harga_rendah akses_sulit durasi_3_jam cocok_keluarga",190,148,0.5026878851628706
D0023,Sanggar Genjah Arum,Budaya,festival,Banyuwangi,50000,Sedang,4.8,5.0,Mudah,Pasangan,"budaya, osing, tradisi, seni, festival","area parkir, toilet, pemandu wisata, pusat informasi","Sanggar Genjah Arum adalah destinasi Budaya di Kecamatan Banyuwangi dengan subkategori festival. Destinasi ini cocok untuk perjalanan pasangan, menawarkan aktivitas budaya, osing, tradisi, seni, estimasi tiket Rp50.000, durasi kunjungan sekitar 5 jam, aksesibilitas mudah, dan rating 4.8/5.",Sanggar Genjah Arum Budaya festival budaya osing tradisi seni festival area parkir toilet pemandu wisata pusat informasi harga_sedang akses_mudah durasi_5_jam cocok_pasangan,"Sanggar Genjah Arum adalah destinasi Budaya di Kecamatan Banyuwangi dengan subkategori festival. Destinasi ini cocok untuk perjalanan pasangan, menawarkan aktivitas budaya, osing, tradisi, seni, estimasi tiket Rp50.000, durasi kunjungan sekitar 5 jam, aksesibilitas mudah, dan rating 4.8/5.","sanggar genjah arum budaya festival budaya, osing, tradisi, seni, festival area parkir, toilet, pemandu wisata, pusat informasi sanggar genjah arum adalah destinasi budaya di kecamatan banyuwangi dengan subkategori festival. destinasi ini cocok untuk perjalanan pasangan, menawarkan aktivitas budaya, osing, tradisi, seni, estimasi tiket rp50.000, durasi kunjungan sekitar 5 jam, aksesibilitas mudah, dan rating 4.8/5. harga_sedang akses_mudah durasi_5_jam cocok_pasangan",257,138,0.7593836645805768
D0024,Rumah Budaya Osing,Budaya,kampung adat,Tegaldlimo,20000,Rendah,4.4,2.5,Mudah,Pasangan,"budaya, osing, tradisi, seni, festival","area parkir, toilet, pemandu wisata, pusat informasi","Rumah Budaya Osing adalah destinasi Budaya di Kecamatan Tegaldlimo dengan subkategori kampung adat. Destinasi ini cocok untuk perjalanan pasangan, menawarkan aktivitas budaya, osing, tradisi, seni, estimasi tiket Rp20.000, durasi kunjungan sekitar 2.5 jam, aksesibilitas mudah, dan rating 4.4/5.",Rumah Budaya Osing Budaya kampung adat budaya osing tradisi seni festival area parkir toilet pemandu wisata pusat informasi harga_rendah akses_mudah durasi_2.5_jam cocok_pasangan,"Rumah Budaya Osing adalah destinasi Budaya di Kecamatan Tegaldlimo dengan subkategori kampung adat. Destinasi ini cocok untuk perjalanan pasangan, menawarkan aktivitas budaya, osing, tradisi, seni, estimasi tiket Rp20.000, durasi kunjungan sekitar 2.5 jam, aksesibilitas mudah, dan rating 4.4/5.","rumah budaya osing budaya kampung adat budaya, osing, tradisi, seni, festival area parkir, toilet, pemandu wisata, pusat informasi rumah budaya osing adalah destinasi budaya di kecamatan tegaldlimo dengan subkategori kampung adat. destinasi ini cocok untuk perjalanan pasangan, menawarkan aktivitas budaya, osing, tradisi, seni, estimasi tiket rp20.000, durasi kunjungan sekitar 2.5 jam, aksesibilitas mudah, dan rating 4.4/5. harga_rendah akses_mudah durasi_2_jam cocok_pasangan",203,154,0.558901099981463
D0025,Kampung Batara,Budaya,galeri,Tegaldlimo,75000,Sedang,4.2,1.0,Sulit,Pasangan,"budaya, osing, tradisi, seni, festival","area parkir, toilet, pemandu wisata, pusat informasi","Kampung Batara adalah destinasi Budaya di Kecamatan Tegaldlimo dengan subkategori galeri. Destinasi ini cocok untuk perjalanan pasangan, menawarkan aktivitas budaya, osing, tradisi, seni, estimasi tiket Rp75.000, durasi kunjungan sekitar 1 jam, aksesibilitas sulit, dan rating 4.2/5.",Kampung Batara Budaya galeri budaya osing tradisi seni festival area parkir toilet pemandu wisata pusat informasi harga_sedang akses_sulit durasi_1_jam cocok_pasangan,"Kampung Batara adalah destinasi Budaya di Kecamatan Tegaldlimo dengan subkategori galeri. Destinasi ini cocok untuk perjalanan pasangan, menawarkan aktivitas budaya, osing, tradisi, seni, estimasi tiket Rp75.000, durasi kunjungan sekitar 1 jam, aksesibilitas sulit, dan rating 4.2/5.","kampung batara budaya galeri budaya, osing, tradisi, seni, festival area parkir, toilet, pemandu wisata, pusat informasi kampung batara adalah destinasi budaya di kecamatan tegaldlimo dengan subkategori galeri. destinasi ini cocok untuk perjalanan pasangan, menawarkan aktivitas budaya, osing, tradisi, seni, estimasi tiket rp75.000, durasi kunjungan sekitar 1 jam, aksesibilitas sulit, dan rating 4.2/5. harga_sedang akses_sulit durasi_1_jam cocok_pasangan",291,38,0.8650667909322122
D0026,Festival Gandrung Sewu,Budaya,desa wisata,Tegaldlimo,30000,Sedang,4.2,2.0,Sedang,Komunitas,"budaya, osing, tradisi, seni, festival","area parkir, toilet, pemandu wisata, pusat informasi","Festival Gandrung Sewu adalah destinasi Budaya di Kecamatan Tegaldlimo dengan subkategori desa wisata. Destinasi ini cocok untuk perjalanan komunitas, menawarkan aktivitas budaya, osing, tradisi, seni, estimasi tiket Rp30.000, durasi kunjungan sekitar 2 jam, aksesibilitas sedang, dan rating 4.2/5.",Festival Gandrung Sewu Budaya desa wisata budaya osing tradisi seni festival area parkir toilet pemandu wisata pusat informasi harga_sedang akses_sedang durasi_2_jam cocok_komunitas,"Festival Gandrung Sewu adalah destinasi Budaya di Kecamatan Tegaldlimo dengan subkategori desa wisata. Destinasi ini cocok untuk perjalanan komunitas, menawarkan aktivitas budaya, osing, tradisi, seni, estimasi tiket Rp30.000, durasi kunjungan sekitar 2 jam, aksesibilitas sedang, dan rating 4.2/5.","festival gandrung sewu budaya desa wisata budaya, osing, tradisi, seni, festival area parkir, toilet, pemandu wisata, pusat informasi festival gandrung sewu adalah destinasi budaya di kecamatan tegaldlimo dengan subkategori desa wisata. destinasi ini cocok untuk perjalanan komunitas, menawarkan aktivitas budaya, osing, tradisi, seni, estimasi tiket rp30.000, durasi kunjungan sekitar 2 jam, aksesibilitas sedang, dan rating 4.2/5. harga_sedang akses_sedang durasi_2_jam cocok_komunitas",246,65,0.7221868888554197
D0027,Barong Ider Bumi,Budaya,seni,Rogojampi,10000,Rendah,4.5,2.5,Mudah,Pasangan,"budaya, osing, tradisi, seni, festival","area parkir, toilet, pemandu wisata, pusat informasi","Barong Ider Bumi adalah destinasi Budaya di Kecamatan Rogojampi dengan subkategori seni. Destinasi ini cocok untuk perjalanan pasangan, menawarkan aktivitas budaya, osing, tradisi, seni, estimasi tiket Rp10.000, durasi kunjungan sekitar 2.5 jam, aksesibilitas mudah, dan rating 4.5/5.",Barong Ider Bumi Budaya seni budaya osing tradisi seni festival area parkir toilet pemandu wisata pusat informasi harga_rendah akses_mudah durasi_2.5_jam cocok_pasangan,"Barong Ider Bumi adalah destinasi Budaya di Kecamatan Rogojampi dengan subkategori seni. Destinasi ini cocok untuk perjalanan pasangan, menawarkan aktivitas budaya, osing, tradisi, seni, estimasi tiket Rp10.000, durasi kunjungan sekitar 2.5 jam, aksesibilitas mudah, dan rating 4.5/5.","barong ider bumi budaya seni budaya, osing, tradisi, seni, festival area parkir, toilet, pemandu wisata, pusat informasi barong ider bumi adalah destinasi budaya di kecamatan rogojampi dengan subkategori seni. destinasi ini cocok untuk perjalanan pasangan, menawarkan aktivitas budaya, osing, tradisi, seni, estimasi tiket rp10.000, durasi kunjungan sekitar 2.5 jam, aksesibilitas mudah, dan rating 4.5/5. harga_rendah akses_mudah durasi_2_jam cocok_pasangan",182,157,0.4661603872823236
D0028,Desa Wisata Tamansari,Budaya,festival,Glagah,15000,Rendah,4.1,3.0,Sulit,Keluarga,"budaya, osing, tradisi, seni, festival","area parkir, toilet, pemandu wisata, pusat informasi","Desa Wisata Tamansari adalah destinasi Budaya di Kecamatan Glagah dengan subkategori festival. Destinasi ini cocok untuk perjalanan keluarga, menawarkan aktivitas budaya, osing, tradisi, seni, estimasi tiket Rp15.000, durasi kunjungan sekitar 3 jam, aksesibilitas sulit, dan rating 4.1/5.",Desa Wisata Tamansari Budaya festival budaya osing tradisi seni festival area parkir toilet pemandu wisata pusat informasi harga_rendah akses_sulit durasi_3_jam cocok_keluarga,"Desa Wisata Tamansari adalah destinasi Budaya di Kecamatan Glagah dengan subkategori festival. Destinasi ini cocok untuk perjalanan keluarga, menawarkan aktivitas budaya, osing, tradisi, seni, estimasi tiket Rp15.000, durasi kunjungan sekitar 3 jam, aksesibilitas sulit, dan rating 4.1/5.","desa wisata tamansari budaya festival budaya, osing, tradisi, seni, festival area parkir, toilet, pemandu wisata, pusat informasi desa wisata tamansari adalah destinasi budaya di kecamatan glagah dengan subkategori festival. destinasi ini cocok untuk perjalanan keluarga, menawarkan aktivitas budaya, osing, tradisi, seni, estimasi tiket rp15.000, durasi kunjungan sekitar 3 jam, aksesibilitas sulit, dan rating 4.1/5. harga_rendah akses_sulit durasi_3_jam cocok_keluarga",158,130,0.34614557262701784
D0029,Kampung Kopi Gombengsari,Budaya,kampung adat,Kalipuro,75000,Sedang,4.1,5.0,Sedang,Teman,"budaya, osing, tradisi, seni, festival","area parkir, toilet, pemandu wisata, pusat informasi","Kampung Kopi Gombengsari adalah destinasi Budaya di Kecamatan Kalipuro dengan subkategori kampung adat. Destinasi ini cocok untuk perjalanan teman, menawarkan aktivitas budaya, osing, tradisi, seni, estimasi tiket Rp75.000, durasi kunjungan sekitar 5 jam, aksesibilitas sedang, dan rating 4.1/5.",Kampung Kopi Gombengsari Budaya kampung adat budaya osing tradisi seni festival area parkir toilet pemandu wisata pusat informasi harga_sedang akses_sedang durasi_5_jam cocok_teman,"Kampung Kopi Gombengsari adalah destinasi Budaya di Kecamatan Kalipuro dengan subkategori kampung adat. Destinasi ini cocok untuk perjalanan teman, menawarkan aktivitas budaya, osing, tradisi, seni, estimasi tiket Rp75.000, durasi kunjungan sekitar 5 jam, aksesibilitas sedang, dan rating 4.1/5.","kampung kopi gombengsari budaya kampung adat budaya, osing, tradisi, seni, festival area parkir, toilet, pemandu wisata, pusat informasi kampung kopi gombengsari adalah destinasi budaya di kecamatan kalipuro dengan subkategori kampung adat. destinasi ini cocok untuk perjalanan teman, menawarkan aktivitas budaya, osing, tradisi, seni, estimasi tiket rp75.000, durasi kunjungan sekitar 5 jam, aksesibilitas sedang, dan rating 4.1/5. harga_sedang akses_sedang durasi_5_jam cocok_teman",231,126,0.6687017585479644
D0030,Galeri Seni Osing,Budaya,galeri,Glenmore,50000,Sedang,4.4,3.0,Mudah,Komunitas,"budaya, osing, tradisi, seni, festival","area parkir, toilet, pemandu wisata, pusat informasi","Galeri Seni Osing adalah destinasi Budaya di Kecamatan Glenmore dengan subkategori galeri. Destinasi ini cocok untuk perjalanan komunitas, menawarkan aktivitas budaya, osing, tradisi, seni, estimasi tiket Rp50.000, durasi kunjungan sekitar 3 jam, aksesibilitas mudah, dan rating 4.4/5.",Galeri Seni Osing Budaya galeri budaya osing tradisi seni festival area parkir toilet pemandu wisata pusat informasi harga_sedang akses_mudah durasi_3_jam cocok_komunitas,"Galeri Seni Osing adalah destinasi Budaya di Kecamatan Glenmore dengan subkategori galeri. Destinasi ini cocok untuk perjalanan komunitas, menawarkan aktivitas budaya, osing, tradisi, seni, estimasi tiket Rp50.000, durasi kunjungan sekitar 3 jam, aksesibilitas mudah, dan rating 4.4/5.","galeri seni osing budaya galeri budaya, osing, tradisi, seni, festival area parkir, toilet, pemandu wisata, pusat informasi galeri seni osing adalah destinasi budaya di kecamatan glenmore dengan subkategori galeri. destinasi ini cocok untuk perjalanan komunitas, menawarkan aktivitas budaya, osing, tradisi, seni, estimasi tiket rp50.000, durasi kunjungan sekitar 3 jam, aksesibilitas mudah, dan rating 4.4/5. harga_sedang akses_mudah durasi_3_jam cocok_komunitas",202,111,0.5547060054254337
D0031,Masjid Agung Baiturrahman Banyuwangi,Religi,masjid,Rogojampi,15000,Rendah,4.9,3.0,Sedang,Teman,"religi, sejarah, tenang, ziarah, arsitektur","area parkir, toilet, tempat ibadah, pusat informasi","Masjid Agung Baiturrahman Banyuwangi adalah destinasi Religi di Kecamatan Rogojampi dengan subkategori masjid. Destinasi ini cocok untuk perjalanan teman, menawarkan aktivitas religi, sejarah, tenang, ziarah, estimasi tiket Rp15.000, durasi kunjungan sekitar 3 jam, aksesibilitas sedang, dan rating 4.9/5.",Masjid Agung Baiturrahman Banyuwangi Religi masjid religi sejarah tenang ziarah arsitektur area parkir toilet tempat ibadah pusat informasi harga_rendah akses_sedang durasi_3_jam cocok_teman,"Masjid Agung Baiturrahman Banyuwangi adalah destinasi Religi di Kecamatan Rogojampi dengan subkategori masjid. Destinasi ini cocok untuk perjalanan teman, menawarkan aktivitas religi, sejarah, tenang, ziarah, estimasi tiket Rp15.000, durasi kunjungan sekitar 3 jam, aksesibilitas sedang, dan rating 4.9/5.","masjid agung baiturrahman banyuwangi religi masjid religi, sejarah, tenang, ziarah, arsitektur area parkir, toilet, tempat ibadah, pusat informasi masjid agung baiturrahman banyuwangi adalah destinasi religi di kecamatan rogojampi dengan subkategori masjid. destinasi ini cocok untuk perjalanan teman, menawarkan aktivitas religi, sejarah, tenang, ziarah, estimasi tiket rp15.000, durasi kunjungan sekitar 3 jam, aksesibilitas sedang, dan rating 4.9/5. harga_rendah akses_sedang durasi_3_jam cocok_teman",223,176,0.6387442979738979
D0032,Pura Agung Blambangan,Religi,pura,Glagah,15000,Rendah,4.9,4.0,Mudah,Komunitas,"religi, sejarah, tenang, ziarah, arsitektur","area parkir, toilet, tempat ibadah, pusat informasi","Pura Agung Blambangan adalah destinasi Religi di Kecamatan Glagah dengan subkategori pura. Destinasi ini cocok untuk perjalanan komunitas, menawarkan aktivitas religi, sejarah, tenang, ziarah, estimasi tiket Rp15.000, durasi kunjungan sekitar 4 jam, aksesibilitas mudah, dan rating 4.9/5.",Pura Agung Blambangan Religi pura religi sejarah tenang ziarah arsitektur area parkir toilet tempat ibadah pusat informasi harga_rendah akses_mudah durasi_4_jam cocok_komunitas,"Pura Agung Blambangan adalah destinasi Religi di Kecamatan Glagah dengan subkategori pura. Destinasi ini cocok untuk perjalanan komunitas, menawarkan aktivitas religi, sejarah, tenang, ziarah, estimasi tiket Rp15.000, durasi kunjungan sekitar 4 jam, aksesibilitas mudah, dan rating 4.9/5.","pura agung blambangan religi pura religi, sejarah, tenang, ziarah, arsitektur area parkir, toilet, tempat ibadah, pusat informasi pura agung blambangan adalah destinasi religi di kecamatan glagah dengan subkategori pura. destinasi ini cocok untuk perjalanan komunitas, menawarkan aktivitas religi, sejarah, tenang, ziarah, estimasi tiket rp15.000, durasi kunjungan sekitar 4 jam, aksesibilitas mudah, dan rating 4.9/5. harga_rendah akses_mudah durasi_4_jam cocok_komunitas",256,196,0.7560683205138422
D0033,Klenteng Hoo Tong Bio,Religi,klenteng,Tegaldlimo,0,Rendah,4.2,1.0,Mudah,Komunitas,"religi, sejarah, tenang, ziarah, arsitektur","area parkir, toilet, tempat ibadah, pusat informasi","Klenteng Hoo Tong Bio adalah destinasi Religi di Kecamatan Tegaldlimo dengan subkategori klenteng. Destinasi ini cocok untuk perjalanan komunitas, menawarkan aktivitas religi, sejarah, tenang, ziarah, estimasi tiket gratis, durasi kunjungan sekitar 1 jam, aksesibilitas mudah, dan rating 4.2/5.",Klenteng Hoo Tong Bio Religi klenteng religi sejarah tenang ziarah arsitektur area parkir toilet tempat ibadah pusat informasi harga_rendah akses_mudah durasi_1_jam cocok_komunitas,"Klenteng Hoo Tong Bio adalah destinasi Religi di Kecamatan Tegaldlimo dengan subkategori klenteng. Destinasi ini cocok untuk perjalanan komunitas, menawarkan aktivitas religi, sejarah, tenang, ziarah, estimasi tiket gratis, durasi kunjungan sekitar 1 jam, aksesibilitas mudah, dan rating 4.2/5.","klenteng hoo tong bio religi klenteng religi, sejarah, tenang, ziarah, arsitektur area parkir, toilet, tempat ibadah, pusat informasi klenteng hoo tong bio adalah destinasi religi di kecamatan tegaldlimo dengan subkategori klenteng. destinasi ini cocok untuk perjalanan komunitas, menawarkan aktivitas religi, sejarah, tenang, ziarah, estimasi tiket gratis, durasi kunjungan sekitar 1 jam, aksesibilitas mudah, dan rating 4.2/5. harga_rendah akses_mudah durasi_1_jam cocok_komunitas",187,96,0.4891725629233777
D0034,Makam Datuk Ibrahim,Religi,makam,Pesanggaran,5000,Rendah,4.5,1.0,Mudah,Keluarga,"religi, sejarah, tenang, ziarah, arsitektur","area parkir, toilet, tempat ibadah, pusat informasi","Makam Datuk Ibrahim adalah destinasi Religi di Kecamatan Pesanggaran dengan subkategori makam. Destinasi ini cocok untuk perjalanan keluarga, menawarkan aktivitas religi, sejarah, tenang, ziarah, estimasi tiket Rp5.000, durasi kunjungan sekitar 1 jam, aksesibilitas mudah, dan rating 4.5/5.",Makam Datuk Ibrahim Religi makam religi sejarah tenang ziarah arsitektur area parkir toilet tempat ibadah pusat informasi harga_rendah akses_mudah durasi_1_jam cocok_keluarga,"Makam Datuk Ibrahim adalah destinasi Religi di Kecamatan Pesanggaran dengan subkategori makam. Destinasi ini cocok untuk perjalanan keluarga, menawarkan aktivitas religi, sejarah, tenang, ziarah, estimasi tiket Rp5.000, durasi kunjungan sekitar 1 jam, aksesibilitas mudah, dan rating 4.5/5.","makam datuk ibrahim religi makam religi, sejarah, tenang, ziarah, arsitektur area parkir, toilet, tempat ibadah, pusat informasi makam datuk ibrahim adalah destinasi religi di kecamatan pesanggaran dengan subkategori makam. destinasi ini cocok untuk perjalanan keluarga, menawarkan aktivitas religi, sejarah, tenang, ziarah, estimasi tiket rp5.000, durasi kunjungan sekitar 1 jam, aksesibilitas mudah, dan rating 4.5/5. harga_rendah akses_mudah durasi_1_jam cocok_keluarga",180,110,0.45677897392668265
D0035,Pura Luhur Giri Salaka,Religi,vihara,Pesanggaran,0,Rendah,4.8,5.0,Mudah,Komunitas,"religi, sejarah, tenang, ziarah, arsitektur","area parkir, toilet, tempat ibadah, pusat informasi","Pura Luhur Giri Salaka adalah destinasi Religi di Kecamatan Pesanggaran dengan subkategori vihara. Destinasi ini cocok untuk perjalanan komunitas, menawarkan aktivitas religi, sejarah, tenang, ziarah, estimasi tiket gratis, durasi kunjungan sekitar 5 jam, aksesibilitas mudah, dan rating 4.8/5.",Pura Luhur Giri Salaka Religi vihara religi sejarah tenang ziarah arsitektur area parkir toilet tempat ibadah pusat informasi harga_rendah akses_mudah durasi_5_jam cocok_komunitas,"Pura Luhur Giri Salaka adalah destinasi Religi di Kecamatan Pesanggaran dengan subkategori vihara. Destinasi ini cocok untuk perjalanan komunitas, menawarkan aktivitas religi, sejarah, tenang, ziarah, estimasi tiket gratis, durasi kunjungan sekitar 5 jam, aksesibilitas mudah, dan rating 4.8/5.","pura luhur giri salaka religi vihara religi, sejarah, tenang, ziarah, arsitektur area parkir, toilet, tempat ibadah, pusat informasi pura luhur giri salaka adalah destinasi religi di kecamatan pesanggaran dengan subkategori vihara. destinasi ini cocok untuk perjalanan komunitas, menawarkan aktivitas religi, sejarah, tenang, ziarah, estimasi tiket gratis, durasi kunjungan sekitar 5 jam, aksesibilitas mudah, dan rating 4.8/5. harga_rendah akses_mudah durasi_5_jam cocok_komunitas",282,205,0.8383400856944229
D0036,Vihara Dhamma Harja,Religi,masjid,Glenmore,10000,Rendah,4.6,1.5,Sedang,Komunitas,"religi, sejarah, tenang, ziarah, arsitektur","area parkir, toilet, tempat ibadah, pusat informasi","Vihara Dhamma Harja adalah destinasi Religi di Kecamatan Glenmore dengan subkategori masjid. Destinasi ini cocok untuk perjalanan komunitas, menawarkan aktivitas religi, sejarah, tenang, ziarah, estimasi tiket Rp10.000, durasi kunjungan sekitar 1.5 jam, aksesibilitas sedang, dan rating 4.6/5.",Vihara Dhamma Harja Religi masjid religi sejarah tenang ziarah arsitektur area parkir toilet tempat ibadah pusat informasi harga_rendah akses_sedang durasi_1.5_jam cocok_komunitas,"Vihara Dhamma Harja adalah destinasi Religi di Kecamatan Glenmore dengan subkategori masjid. Destinasi ini cocok untuk perjalanan komunitas, menawarkan aktivitas religi, sejarah, tenang, ziarah, estimasi tiket Rp10.000, durasi kunjungan sekitar 1.5 jam, aksesibilitas sedang, dan rating 4.6/5.","vihara dhamma harja religi masjid religi, sejarah, tenang, ziarah, arsitektur area parkir, toilet, tempat ibadah, pusat informasi vihara dhamma harja adalah destinasi religi di kecamatan glenmore dengan subkategori masjid. destinasi ini cocok untuk perjalanan komunitas, menawarkan aktivitas religi, sejarah, tenang, ziarah, estimasi tiket rp10.000, durasi kunjungan sekitar 1.5 jam, aksesibilitas sedang, dan rating 4.6/5. harga_rendah akses_sedang durasi_1_jam cocok_komunitas",186,111,0.48461948533484367
D0037,Makam Buyut Cili,Religi,pura,Banyuwangi,15000,Rendah,4.2,2.5,Sedang,Teman,"religi, sejarah, tenang, ziarah, arsitektur","area parkir, toilet, tempat ibadah, pusat informasi","Makam Buyut Cili adalah destinasi Religi di Kecamatan Banyuwangi dengan subkategori pura. Destinasi ini cocok untuk perjalanan teman, menawarkan aktivitas religi, sejarah, tenang, ziarah, estimasi tiket Rp15.000, durasi kunjungan sekitar 2.5 jam, aksesibilitas sedang, dan rating 4.2/5.",Makam Buyut Cili Religi pura religi sejarah tenang ziarah arsitektur area parkir toilet tempat ibadah pusat informasi harga_rendah akses_sedang durasi_2.5_jam cocok_teman,"Makam Buyut Cili adalah destinasi Religi di Kecamatan Banyuwangi dengan subkategori pura. Destinasi ini cocok untuk perjalanan teman, menawarkan aktivitas religi, sejarah, tenang, ziarah, estimasi tiket Rp15.000, durasi kunjungan sekitar 2.5 jam, aksesibilitas sedang, dan rating 4.2/5.","makam buyut cili religi pura religi, sejarah, tenang, ziarah, arsitektur area parkir, toilet, tempat ibadah, pusat informasi makam buyut cili adalah destinasi religi di kecamatan banyuwangi dengan subkategori pura. destinasi ini cocok untuk perjalanan teman, menawarkan aktivitas religi, sejarah, tenang, ziarah, estimasi tiket rp15.000, durasi kunjungan sekitar 2.5 jam, aksesibilitas sedang, dan rating 4.2/5. harga_rendah akses_sedang durasi_2_jam cocok_teman",213,139,0.5997557864216194
D0038,Masjid Cheng Hoo Banyuwangi,Religi,klenteng,Licin,0,Rendah,4.6,2.0,Mudah,Solo,"religi, sejarah, tenang, ziarah, arsitektur","area parkir, toilet, tempat ibadah, pusat informasi","Masjid Cheng Hoo Banyuwangi adalah destinasi Religi di Kecamatan Licin dengan subkategori klenteng. Destinasi ini cocok untuk perjalanan solo, menawarkan aktivitas religi, sejarah, tenang, ziarah, estimasi tiket gratis, durasi kunjungan sekitar 2 jam, aksesibilitas mudah, dan rating 4.6/5.",Masjid Cheng Hoo Banyuwangi Religi klenteng religi sejarah tenang ziarah arsitektur area parkir toilet tempat ibadah pusat informasi harga_rendah akses_mudah durasi_2_jam cocok_solo,"Masjid Cheng Hoo Banyuwangi adalah destinasi Religi di Kecamatan Licin dengan subkategori klenteng. Destinasi ini cocok untuk perjalanan solo, menawarkan aktivitas religi, sejarah, tenang, ziarah, estimasi tiket gratis, durasi kunjungan sekitar 2 jam, aksesibilitas mudah, dan rating 4.6/5.","masjid cheng hoo banyuwangi religi klenteng religi, sejarah, tenang, ziarah, arsitektur area parkir, toilet, tempat ibadah, pusat informasi masjid cheng hoo banyuwangi adalah destinasi religi di kecamatan licin dengan subkategori klenteng. destinasi ini cocok untuk perjalanan solo, menawarkan aktivitas religi, sejarah, tenang, ziarah, estimasi tiket gratis, durasi kunjungan sekitar 2 jam, aksesibilitas mudah, dan rating 4.6/5. harga_rendah akses_mudah durasi_2_jam cocok_solo",177,157,0.442510674813993
D0039,Situs Kawitan,Religi,makam,Genteng,25000,Rendah,4.6,4.0,Mudah,Solo,"religi, sejarah, tenang, ziarah, arsitektur","area parkir, toilet, tempat ibadah, pusat informasi","Situs Kawitan adalah destinasi Religi di Kecamatan Genteng dengan subkategori makam. Destinasi ini cocok untuk perjalanan solo, menawarkan aktivitas religi, sejarah, tenang, ziarah, estimasi tiket Rp25.000, durasi kunjungan sekitar 4 jam, aksesibilitas mudah, dan rating 4.6/5.",Situs Kawitan Religi makam religi sejarah tenang ziarah arsitektur area parkir toilet tempat ibadah pusat informasi harga_rendah akses_mudah durasi_4_jam cocok_solo,"Situs Kawitan adalah destinasi Religi di Kecamatan Genteng dengan subkategori makam. Destinasi ini cocok untuk perjalanan solo, menawarkan aktivitas religi, sejarah, tenang, ziarah, estimasi tiket Rp25.000, durasi kunjungan sekitar 4 jam, aksesibilitas mudah, dan rating 4.6/5.","situs kawitan religi makam religi, sejarah, tenang, ziarah, arsitektur area parkir, toilet, tempat ibadah, pusat informasi situs kawitan adalah destinasi religi di kecamatan genteng dengan subkategori makam. destinasi ini cocok untuk perjalanan solo, menawarkan aktivitas religi, sejarah, tenang, ziarah, estimasi tiket rp25.000, durasi kunjungan sekitar 4 jam, aksesibilitas mudah, dan rating 4.6/5. harga_rendah akses_mudah durasi_4_jam cocok_solo",242,193,0.7082486196599117
D0040,Gereja Maria Ratu Damai,Religi,vihara,Glagah,30000,Sedang,4.8,1.5,Mudah,Komunitas,"religi, sejarah, tenang, ziarah, arsitektur","area parkir, toilet, tempat ibadah, pusat informasi","Gereja Maria Ratu Damai adalah destinasi Religi di Kecamatan Glagah dengan subkategori vihara. Destinasi ini cocok untuk perjalanan komunitas, menawarkan aktivitas religi, sejarah, tenang, ziarah, estimasi tiket Rp30.000, durasi kunjungan sekitar 1.5 jam, aksesibilitas mudah, dan rating 4.8/5.",Gereja Maria Ratu Damai Religi vihara religi sejarah tenang ziarah arsitektur area parkir toilet tempat ibadah pusat informasi harga_sedang akses_mudah durasi_1.5_jam cocok_komunitas,"Gereja Maria Ratu Damai adalah destinasi Religi di Kecamatan Glagah dengan subkategori vihara. Destinasi ini cocok untuk perjalanan komunitas, menawarkan aktivitas religi, sejarah, tenang, ziarah, estimasi tiket Rp30.000, durasi kunjungan sekitar 1.5 jam, aksesibilitas mudah, dan rating 4.8/5.","gereja maria ratu damai religi vihara religi, sejarah, tenang, ziarah, arsitektur area parkir, toilet, tempat ibadah, pusat informasi gereja maria ratu damai adalah destinasi religi di kecamatan glagah dengan subkategori vihara. destinasi ini cocok untuk perjalanan komunitas, menawarkan aktivitas religi, sejarah, tenang, ziarah, estimasi tiket rp30.000, durasi kunjungan sekitar 1.5 jam, aksesibilitas mudah, dan rating 4.8/5. harga_sedang akses_mudah durasi_1_jam cocok_komunitas",195,83,0.5247485448513679
D0041,Sentra Kuliner Sego Tempong,Kuliner,makanan lokal,Glagah,5000,Rendah,4.4,2.0,Mudah,Keluarga,"kuliner, makanan lokal, murah, osing, keluarga","area parkir, toilet, tempat makan, pembayaran non-tunai","Sentra Kuliner Sego Tempong adalah destinasi Kuliner di Kecamatan Glagah dengan subkategori makanan lokal. Destinasi ini cocok untuk perjalanan keluarga, menawarkan aktivitas kuliner, makanan lokal, murah, osing, estimasi tiket Rp5.000, durasi kunjungan sekitar 2 jam, aksesibilitas mudah, dan rating 4.4/5.",Sentra Kuliner Sego Tempong Kuliner makanan lokal kuliner makanan lokal murah osing keluarga area parkir toilet tempat makan pembayaran non-tunai harga_rendah akses_mudah durasi_2_jam cocok_keluarga,"Sentra Kuliner Sego Tempong adalah destinasi Kuliner di Kecamatan Glagah dengan subkategori makanan lokal. Destinasi ini cocok untuk perjalanan keluarga, menawarkan aktivitas kuliner, makanan lokal, murah, osing, estimasi tiket Rp5.000, durasi kunjungan sekitar 2 jam, aksesibilitas mudah, dan rating 4.4/5.","sentra kuliner sego tempong kuliner makanan lokal kuliner, makanan lokal, murah, osing, keluarga area parkir, toilet, tempat makan, pembayaran non-tunai sentra kuliner sego tempong adalah destinasi kuliner di kecamatan glagah dengan subkategori makanan lokal. destinasi ini cocok untuk perjalanan keluarga, menawarkan aktivitas kuliner, makanan lokal, murah, osing, estimasi tiket rp5.000, durasi kunjungan sekitar 2 jam, aksesibilitas mudah, dan rating 4.4/5. harga_rendah akses_mudah durasi_2_jam cocok_keluarga",253,201,0.7460443303077046
D0042,Rujak Soto Khas Banyuwangi,Kuliner,pasar kuliner,Licin,30000,Sedang,4.8,3.0,Mudah,Komunitas,"kuliner, makanan lokal, murah, osing, keluarga","area parkir, toilet, tempat makan, pembayaran non-tunai","Rujak Soto Khas Banyuwangi adalah destinasi Kuliner di Kecamatan Licin dengan subkategori pasar kuliner. Destinasi ini cocok untuk perjalanan komunitas, menawarkan aktivitas kuliner, makanan lokal, murah, osing, estimasi tiket Rp30.000, durasi kunjungan sekitar 3 jam, aksesibilitas mudah, dan rating 4.8/5.",Rujak Soto Khas Banyuwangi Kuliner pasar kuliner kuliner makanan lokal murah osing keluarga area parkir toilet tempat makan pembayaran non-tunai harga_sedang akses_mudah durasi_3_jam cocok_komunitas,"Rujak Soto Khas Banyuwangi adalah destinasi Kuliner di Kecamatan Licin dengan subkategori pasar kuliner. Destinasi ini cocok untuk perjalanan komunitas, menawarkan aktivitas kuliner, makanan lokal, murah, osing, estimasi tiket Rp30.000, durasi kunjungan sekitar 3 jam, aksesibilitas mudah, dan rating 4.8/5.","rujak soto khas banyuwangi kuliner pasar kuliner kuliner, makanan lokal, murah, osing, keluarga area parkir, toilet, tempat makan, pembayaran non-tunai rujak soto khas banyuwangi adalah destinasi kuliner di kecamatan licin dengan subkategori pasar kuliner. destinasi ini cocok untuk perjalanan komunitas, menawarkan aktivitas kuliner, makanan lokal, murah, osing, estimasi tiket rp30.000, durasi kunjungan sekitar 3 jam, aksesibilitas mudah, dan rating 4.8/5. harga_sedang akses_mudah durasi_3_jam cocok_komunitas",224,150,0.64254697697521
D0043,Pecel Pitik Kemiren,Kuliner,kopi,Glagah,0,Rendah,4.8,5.0,Mudah,Solo,"kuliner, makanan lokal, murah, osing, keluarga","area parkir, toilet, tempat makan, pembayaran non-tunai","Pecel Pitik Kemiren adalah destinasi Kuliner di Kecamatan Glagah dengan subkategori kopi. Destinasi ini cocok untuk perjalanan solo, menawarkan aktivitas kuliner, makanan lokal, murah, osing, estimasi tiket gratis, durasi kunjungan sekitar 5 jam, aksesibilitas mudah, dan rating 4.8/5.",Pecel Pitik Kemiren Kuliner kopi kuliner makanan lokal murah osing keluarga area parkir toilet tempat makan pembayaran non-tunai harga_rendah akses_mudah durasi_5_jam cocok_solo,"Pecel Pitik Kemiren adalah destinasi Kuliner di Kecamatan Glagah dengan subkategori kopi. Destinasi ini cocok untuk perjalanan solo, menawarkan aktivitas kuliner, makanan lokal, murah, osing, estimasi tiket gratis, durasi kunjungan sekitar 5 jam, aksesibilitas mudah, dan rating 4.8/5.","pecel pitik kemiren kuliner kopi kuliner, makanan lokal, murah, osing, keluarga area parkir, toilet, tempat makan, pembayaran non-tunai pecel pitik kemiren adalah destinasi kuliner di kecamatan glagah dengan subkategori kopi. destinasi ini cocok untuk perjalanan solo, menawarkan aktivitas kuliner, makanan lokal, murah, osing, estimasi tiket gratis, durasi kunjungan sekitar 5 jam, aksesibilitas mudah, dan rating 4.8/5. harga_rendah akses_mudah durasi_5_jam cocok_solo",295,161,0.8766819364222528
D0044,Pasar Wit-Witan,Kuliner,ikan bakar,Muncar,15000,Rendah,4.2,2.5,Sulit,Teman,"kuliner, makanan lokal, murah, osing, keluarga","area parkir, toilet, tempat makan, pembayaran non-tunai","Pasar Wit-Witan adalah destinasi Kuliner di Kecamatan Muncar dengan subkategori ikan bakar. Destinasi ini cocok untuk perjalanan teman, menawarkan aktivitas kuliner, makanan lokal, murah, osing, estimasi tiket Rp15.000, durasi kunjungan sekitar 2.5 jam, aksesibilitas sulit, dan rating 4.2/5.",Pasar Wit-Witan Kuliner ikan bakar kuliner makanan lokal murah osing keluarga area parkir toilet tempat makan pembayaran non-tunai harga_rendah akses_sulit durasi_2.5_jam cocok_teman,"Pasar Wit-Witan adalah destinasi Kuliner di Kecamatan Muncar dengan subkategori ikan bakar. Destinasi ini cocok untuk perjalanan teman, menawarkan aktivitas kuliner, makanan lokal, murah, osing, estimasi tiket Rp15.000, durasi kunjungan sekitar 2.5 jam, aksesibilitas sulit, dan rating 4.2/5.","pasar wit-witan kuliner ikan bakar kuliner, makanan lokal, murah, osing, keluarga area parkir, toilet, tempat makan, pembayaran non-tunai pasar wit-witan adalah destinasi kuliner di kecamatan muncar dengan subkategori ikan bakar. destinasi ini cocok untuk perjalanan teman, menawarkan aktivitas kuliner, makanan lokal, murah, osing, estimasi tiket rp15.000, durasi kunjungan sekitar 2.5 jam, aksesibilitas sulit, dan rating 4.2/5. harga_rendah akses_sulit durasi_2_jam cocok_teman",242,134,0.7082486196599117
D0045,Kopi Kemiren,Kuliner,oleh-oleh,Rogojampi,0,Rendah,4.9,2.0,Sulit,Solo,"kuliner, makanan lokal, murah, osing, keluarga","area parkir, toilet, tempat makan, pembayaran non-tunai","Kopi Kemiren adalah destinasi Kuliner di Kecamatan Rogojampi dengan subkategori oleh-oleh. Destinasi ini cocok untuk perjalanan solo, menawarkan aktivitas kuliner, makanan lokal, murah, osing, estimasi tiket gratis, durasi kunjungan sekitar 2 jam, aksesibilitas sulit, dan rating 4.9/5.",Kopi Kemiren Kuliner oleh-oleh kuliner makanan lokal murah osing keluarga area parkir toilet tempat makan pembayaran non-tunai harga_rendah akses_sulit durasi_2_jam cocok_solo,"Kopi Kemiren adalah destinasi Kuliner di Kecamatan Rogojampi dengan subkategori oleh-oleh. Destinasi ini cocok untuk perjalanan solo, menawarkan aktivitas kuliner, makanan lokal, murah, osing, estimasi tiket gratis, durasi kunjungan sekitar 2 jam, aksesibilitas sulit, dan rating 4.9/5.","kopi kemiren kuliner oleh-oleh kuliner, makanan lokal, murah, osing, keluarga area parkir, toilet, tempat makan, pembayaran non-tunai kopi kemiren adalah destinasi kuliner di kecamatan rogojampi dengan subkategori oleh-oleh. destinasi ini cocok untuk perjalanan solo, menawarkan aktivitas kuliner, makanan lokal, murah, osing, estimasi tiket gratis, durasi kunjungan sekitar 2 jam, aksesibilitas sulit, dan rating 4.9/5. harga_rendah akses_sulit durasi_2_jam cocok_solo",197,176,0.5334156246164584
D0046,Kuliner Pelabuhan Ketapang,Kuliner,makanan lokal,Glagah,15000,Rendah,4.6,4.0,Sulit,Komunitas,"kuliner, makanan lokal, murah, osing, keluarga","area parkir, toilet, tempat makan, pembayaran non-tunai","Kuliner Pelabuhan Ketapang adalah destinasi Kuliner di Kecamatan Glagah dengan subkategori makanan lokal. Destinasi ini cocok untuk perjalanan komunitas, menawarkan aktivitas kuliner, makanan lokal, murah, osing, estimasi tiket Rp15.000, durasi kunjungan sekitar 4 jam, aksesibilitas sulit, dan rating 4.6/5.",Kuliner Pelabuhan Ketapang Kuliner makanan lokal kuliner makanan lokal murah osing keluarga area parkir toilet tempat makan pembayaran non-tunai harga_rendah akses_sulit durasi_4_jam cocok_komunitas,"Kuliner Pelabuhan Ketapang adalah destinasi Kuliner di Kecamatan Glagah dengan subkategori makanan lokal. Destinasi ini cocok untuk perjalanan komunitas, menawarkan aktivitas kuliner, makanan lokal, murah, osing, estimasi tiket Rp15.000, durasi kunjungan sekitar 4 jam, aksesibilitas sulit, dan rating 4.6/5.","kuliner pelabuhan ketapang kuliner makanan lokal kuliner, makanan lokal, murah, osing, keluarga area parkir, toilet, tempat makan, pembayaran non-tunai kuliner pelabuhan ketapang adalah destinasi kuliner di kecamatan glagah dengan subkategori makanan lokal. destinasi ini cocok untuk perjalanan komunitas, menawarkan aktivitas kuliner, makanan lokal, murah, osing, estimasi tiket rp15.000, durasi kunjungan sekitar 4 jam, aksesibilitas sulit, dan rating 4.6/5. harga_rendah akses_sulit durasi_4_jam cocok_komunitas",276,204,0.8200458136887243
D0047,Warung Ikan Bakar Muncar,Kuliner,pasar kuliner,Tegaldlimo,5000,Rendah,4.2,1.5,Sulit,Komunitas,"kuliner, makanan lokal, murah, osing, keluarga","area parkir, toilet, tempat makan, pembayaran non-tunai","Warung Ikan Bakar Muncar adalah destinasi Kuliner di Kecamatan Tegaldlimo dengan subkategori pasar kuliner. Destinasi ini cocok untuk perjalanan komunitas, menawarkan aktivitas kuliner, makanan lokal, murah, osing, estimasi tiket Rp5.000, durasi kunjungan sekitar 1.5 jam, aksesibilitas sulit, dan rating 4.2/5.",Warung Ikan Bakar Muncar Kuliner pasar kuliner kuliner makanan lokal murah osing keluarga area parkir toilet tempat makan pembayaran non-tunai harga_rendah akses_sulit durasi_1.5_jam cocok_komunitas,"Warung Ikan Bakar Muncar adalah destinasi Kuliner di Kecamatan Tegaldlimo dengan subkategori pasar kuliner. Destinasi ini cocok untuk perjalanan komunitas, menawarkan aktivitas kuliner, makanan lokal, murah, osing, estimasi tiket Rp5.000, durasi kunjungan sekitar 1.5 jam, aksesibilitas sulit, dan rating 4.2/5.","warung ikan bakar muncar kuliner pasar kuliner kuliner, makanan lokal, murah, osing, keluarga area parkir, toilet, tempat makan, pembayaran non-tunai warung ikan bakar muncar adalah destinasi kuliner di kecamatan tegaldlimo dengan subkategori pasar kuliner. destinasi ini cocok untuk perjalanan komunitas, menawarkan aktivitas kuliner, makanan lokal, murah, osing, estimasi tiket rp5.000, durasi kunjungan sekitar 1.5 jam, aksesibilitas sulit, dan rating 4.2/5. harga_rendah akses_sulit durasi_1_jam cocok_komunitas",241,109,0.704728202200023
D0048,Street Food Genteng,Kuliner,kopi,Tegaldlimo,0,Rendah,4.7,1.0,Mudah,Solo,"kuliner, makanan lokal, murah, osing, keluarga","area parkir, toilet, tempat makan, pembayaran non-tunai","Street Food Genteng adalah destinasi Kuliner di Kecamatan Tegaldlimo dengan subkategori kopi. Destinasi ini cocok untuk perjalanan solo, menawarkan aktivitas kuliner, makanan lokal, murah, osing, estimasi tiket gratis, durasi kunjungan sekitar 1 jam, aksesibilitas mudah, dan rating 4.7/5.",Street Food Genteng Kuliner kopi kuliner makanan lokal murah osing keluarga area parkir toilet tempat makan pembayaran non-tunai harga_rendah akses_mudah durasi_1_jam cocok_solo,"Street Food Genteng adalah destinasi Kuliner di Kecamatan Tegaldlimo dengan subkategori kopi. Destinasi ini cocok untuk perjalanan solo, menawarkan aktivitas kuliner, makanan lokal, murah, osing, estimasi tiket gratis, durasi kunjungan sekitar 1 jam, aksesibilitas mudah, dan rating 4.7/5.","street food genteng kuliner kopi kuliner, makanan lokal, murah, osing, keluarga area parkir, toilet, tempat makan, pembayaran non-tunai street food genteng adalah destinasi kuliner di kecamatan tegaldlimo dengan subkategori kopi. destinasi ini cocok untuk perjalanan solo, menawarkan aktivitas kuliner, makanan lokal, murah, osing, estimasi tiket gratis, durasi kunjungan sekitar 1 jam, aksesibilitas mudah, dan rating 4.7/5. harga_rendah akses_mudah durasi_1_jam cocok_solo",188,164,0.49370148614054776
D0049,Pasar Banyuwangi Kuliner,Kuliner,ikan bakar,Kalipuro,30000,Sedang,4.5,1.0,Sulit,Keluarga,"kuliner, makanan lokal, murah, osing, keluarga","area parkir, toilet, tempat makan, pembayaran non-tunai","Pasar Banyuwangi Kuliner adalah destinasi Kuliner di Kecamatan Kalipuro dengan subkategori ikan bakar. Destinasi ini cocok untuk perjalanan keluarga, menawarkan aktivitas kuliner, makanan lokal, murah, osing, estimasi tiket Rp30.000, durasi kunjungan sekitar 1 jam, aksesibilitas sulit, dan rating 4.5/5.",Pasar Banyuwangi Kuliner Kuliner ikan bakar kuliner makanan lokal murah osing keluarga area parkir toilet tempat makan pembayaran non-tunai harga_sedang akses_sulit durasi_1_jam cocok_keluarga,"Pasar Banyuwangi Kuliner adalah destinasi Kuliner di Kecamatan Kalipuro dengan subkategori ikan bakar. Destinasi ini cocok untuk perjalanan keluarga, menawarkan aktivitas kuliner, makanan lokal, murah, osing, estimasi tiket Rp30.000, durasi kunjungan sekitar 1 jam, aksesibilitas sulit, dan rating 4.5/5.","pasar banyuwangi kuliner kuliner ikan bakar kuliner, makanan lokal, murah, osing, keluarga area parkir, toilet, tempat makan, pembayaran non-tunai pasar banyuwangi kuliner adalah destinasi kuliner di kecamatan kalipuro dengan subkategori ikan bakar. destinasi ini cocok untuk perjalanan keluarga, menawarkan aktivitas kuliner, makanan lokal, murah, osing, estimasi tiket rp30.000, durasi kunjungan sekitar 1 jam, aksesibilitas sulit, dan rating 4.5/5. harga_sedang akses_sulit durasi_1_jam cocok_keluarga",267,81,0.7918476531175137
D0050,Sentra Oleh-Oleh Kuliner Osing,Kuliner,oleh-oleh,Banyuwangi,0,Rendah,4.5,4.0,Sulit,Solo,"kuliner, makanan lokal, murah, osing, keluarga","area parkir, toilet, tempat makan, pembayaran non-tunai","Sentra Oleh-Oleh Kuliner Osing adalah destinasi Kuliner di Kecamatan Banyuwangi dengan subkategori oleh-oleh. Destinasi ini cocok untuk perjalanan solo, menawarkan aktivitas kuliner, makanan lokal, murah, osing, estimasi tiket gratis, durasi kunjungan sekitar 4 jam, aksesibilitas sulit, dan rating 4.5/5.",Sentra Oleh-Oleh Kuliner Osing Kuliner oleh-oleh kuliner makanan lokal murah osing keluarga area parkir toilet tempat makan pembayaran non-tunai harga_rendah akses_sulit durasi_4_jam cocok_solo,"Sentra Oleh-Oleh Kuliner Osing adalah destinasi Kuliner di Kecamatan Banyuwangi dengan subkategori oleh-oleh. Destinasi ini cocok untuk perjalanan solo, menawarkan aktivitas kuliner, makanan lokal, murah, osing, estimasi tiket gratis, durasi kunjungan sekitar 4 jam, aksesibilitas sulit, dan rating 4.5/5.","sentra oleh-oleh kuliner osing kuliner oleh-oleh kuliner, makanan lokal, murah, osing, keluarga area parkir, toilet, tempat makan, pembayaran non-tunai sentra oleh-oleh kuliner osing adalah destinasi kuliner di kecamatan banyuwangi dengan subkategori oleh-oleh. destinasi ini cocok untuk perjalanan solo, menawarkan aktivitas kuliner, makanan lokal, murah, osing, estimasi tiket gratis, durasi kunjungan sekitar 4 jam, aksesibilitas sulit, dan rating 4.5/5. harga_rendah akses_sulit durasi_4_jam cocok_solo",270,209,0.8013509055104133
D0051,Rumah Apung Bangsring,Edukasi,konservasi,Muncar,30000,Sedang,4.2,3.0,Mudah,Keluarga,"edukasi, konservasi, keluarga, anak, alam","area parkir, toilet, pusat informasi, pemandu edukasi","Rumah Apung Bangsring adalah destinasi Edukasi di Kecamatan Muncar dengan subkategori konservasi. Destinasi ini cocok untuk perjalanan keluarga, menawarkan aktivitas edukasi, konservasi, keluarga, anak, estimasi tiket Rp30.000, durasi kunjungan sekitar 3 jam, aksesibilitas mudah, dan rating 4.2/5.",Rumah Apung Bangsring Edukasi konservasi edukasi konservasi keluarga anak alam area parkir toilet pusat informasi pemandu edukasi harga_sedang akses_mudah durasi_3_jam cocok_keluarga,"Rumah Apung Bangsring adalah destinasi Edukasi di Kecamatan Muncar dengan subkategori konservasi. Destinasi ini cocok untuk perjalanan keluarga, menawarkan aktivitas edukasi, konservasi, keluarga, anak, estimasi tiket Rp30.000, durasi kunjungan sekitar 3 jam, aksesibilitas mudah, dan rating 4.2/5.","rumah apung bangsring edukasi konservasi edukasi, konservasi, keluarga, anak, alam area parkir, toilet, pusat informasi, pemandu edukasi rumah apung bangsring adalah destinasi edukasi di kecamatan muncar dengan subkategori konservasi. destinasi ini cocok untuk perjalanan keluarga, menawarkan aktivitas edukasi, konservasi, keluarga, anak, estimasi tiket rp30.000, durasi kunjungan sekitar 3 jam, aksesibilitas mudah, dan rating 4.2/5. harga_sedang akses_mudah durasi_3_jam cocok_keluarga",231,143,0.6687017585479644
D0052,Bangsring Underwater,Edukasi,museum,Pesanggaran,50000,Sedang,4.5,3.0,Mudah,Pasangan,"edukasi, konservasi, keluarga, anak, alam","area parkir, toilet, pusat informasi, pemandu edukasi","Bangsring Underwater adalah destinasi Edukasi di Kecamatan Pesanggaran dengan subkategori museum. Destinasi ini cocok untuk perjalanan pasangan, menawarkan aktivitas edukasi, konservasi, keluarga, anak, estimasi tiket Rp50.000, durasi kunjungan sekitar 3 jam, aksesibilitas mudah, dan rating 4.5/5.",Bangsring Underwater Edukasi museum edukasi konservasi keluarga anak alam area parkir toilet pusat informasi pemandu edukasi harga_sedang akses_mudah durasi_3_jam cocok_pasangan,"Bangsring Underwater adalah destinasi Edukasi di Kecamatan Pesanggaran dengan subkategori museum. Destinasi ini cocok untuk perjalanan pasangan, menawarkan aktivitas edukasi, konservasi, keluarga, anak, estimasi tiket Rp50.000, durasi kunjungan sekitar 3 jam, aksesibilitas mudah, dan rating 4.5/5.","bangsring underwater edukasi museum edukasi, konservasi, keluarga, anak, alam area parkir, toilet, pusat informasi, pemandu edukasi bangsring underwater adalah destinasi edukasi di kecamatan pesanggaran dengan subkategori museum. destinasi ini cocok untuk perjalanan pasangan, menawarkan aktivitas edukasi, konservasi, keluarga, anak, estimasi tiket rp50.000, durasi kunjungan sekitar 3 jam, aksesibilitas mudah, dan rating 4.5/5. harga_sedang akses_mudah durasi_3_jam cocok_pasangan",211,141,0.5917397648572018
D0053,Konservasi Penyu Sukamade,Edukasi,agroedukasi,Rogojampi,50000,Sedang,4.6,1.5,Mudah,Teman,"edukasi, konservasi, keluarga, anak, alam","area parkir, toilet, pusat informasi, pemandu edukasi","Konservasi Penyu Sukamade adalah destinasi Edukasi di Kecamatan Rogojampi dengan subkategori agroedukasi. Destinasi ini cocok untuk perjalanan teman, menawarkan aktivitas edukasi, konservasi, keluarga, anak, estimasi tiket Rp50.000, durasi kunjungan sekitar 1.5 jam, aksesibilitas mudah, dan rating 4.6/5.",Konservasi Penyu Sukamade Edukasi agroedukasi edukasi konservasi keluarga anak alam area parkir toilet pusat informasi pemandu edukasi harga_sedang akses_mudah durasi_1.5_jam cocok_teman,"Konservasi Penyu Sukamade adalah destinasi Edukasi di Kecamatan Rogojampi dengan subkategori agroedukasi. Destinasi ini cocok untuk perjalanan teman, menawarkan aktivitas edukasi, konservasi, keluarga, anak, estimasi tiket Rp50.000, durasi kunjungan sekitar 1.5 jam, aksesibilitas mudah, dan rating 4.6/5.","konservasi penyu sukamade edukasi agroedukasi edukasi, konservasi, keluarga, anak, alam area parkir, toilet, pusat informasi, pemandu edukasi konservasi penyu sukamade adalah destinasi edukasi di kecamatan rogojampi dengan subkategori agroedukasi. destinasi ini cocok untuk perjalanan teman, menawarkan aktivitas edukasi, konservasi, keluarga, anak, estimasi tiket rp50.000, durasi kunjungan sekitar 1.5 jam, aksesibilitas mudah, dan rating 4.6/5. harga_sedang akses_mudah durasi_1_jam cocok_teman",200,93,0.5462534608873297
D0054,Wisata Edukasi Mangrove,Edukasi,batik,Glagah,25000,Rendah,4.3,5.0,Sulit,Keluarga,"edukasi, konservasi, keluarga, anak, alam","area parkir, toilet, pusat informasi, pemandu edukasi","Wisata Edukasi Mangrove adalah destinasi Edukasi di Kecamatan Glagah dengan subkategori batik. Destinasi ini cocok untuk perjalanan keluarga, menawarkan aktivitas edukasi, konservasi, keluarga, anak, estimasi tiket Rp25.000, durasi kunjungan sekitar 5 jam, aksesibilitas sulit, dan rating 4.3/5.",Wisata Edukasi Mangrove Edukasi batik edukasi konservasi keluarga anak alam area parkir toilet pusat informasi pemandu edukasi harga_rendah akses_sulit durasi_5_jam cocok_keluarga,"Wisata Edukasi Mangrove adalah destinasi Edukasi di Kecamatan Glagah dengan subkategori batik. Destinasi ini cocok untuk perjalanan keluarga, menawarkan aktivitas edukasi, konservasi, keluarga, anak, estimasi tiket Rp25.000, durasi kunjungan sekitar 5 jam, aksesibilitas sulit, dan rating 4.3/5.","wisata edukasi mangrove edukasi batik edukasi, konservasi, keluarga, anak, alam area parkir, toilet, pusat informasi, pemandu edukasi wisata edukasi mangrove adalah destinasi edukasi di kecamatan glagah dengan subkategori batik. destinasi ini cocok untuk perjalanan keluarga, menawarkan aktivitas edukasi, konservasi, keluarga, anak, estimasi tiket rp25.000, durasi kunjungan sekitar 5 jam, aksesibilitas sulit, dan rating 4.3/5. harga_rendah akses_sulit durasi_5_jam cocok_keluarga",309,178,0.916133841744741
D0055,Kampung Batik Banyuwangi,Edukasi,bahari,Tegaldlimo,30000,Sedang,4.9,1.0,Mudah,Teman,"edukasi, konservasi, keluarga, anak, alam","area parkir, toilet, pusat informasi, pemandu edukasi","Kampung Batik Banyuwangi adalah destinasi Edukasi di Kecamatan Tegaldlimo dengan subkategori bahari. Destinasi ini cocok untuk perjalanan teman, menawarkan aktivitas edukasi, konservasi, keluarga, anak, estimasi tiket Rp30.000, durasi kunjungan sekitar 1 jam, aksesibilitas mudah, dan rating 4.9/5.",Kampung Batik Banyuwangi Edukasi bahari edukasi konservasi keluarga anak alam area parkir toilet pusat informasi pemandu edukasi harga_sedang akses_mudah durasi_1_jam cocok_teman,"Kampung Batik Banyuwangi adalah destinasi Edukasi di Kecamatan Tegaldlimo dengan subkategori bahari. Destinasi ini cocok untuk perjalanan teman, menawarkan aktivitas edukasi, konservasi, keluarga, anak, estimasi tiket Rp30.000, durasi kunjungan sekitar 1 jam, aksesibilitas mudah, dan rating 4.9/5.","kampung batik banyuwangi edukasi bahari edukasi, konservasi, keluarga, anak, alam area parkir, toilet, pusat informasi, pemandu edukasi kampung batik banyuwangi adalah destinasi edukasi di kecamatan tegaldlimo dengan subkategori bahari. destinasi ini cocok untuk perjalanan teman, menawarkan aktivitas edukasi, konservasi, keluarga, anak, estimasi tiket rp30.000, durasi kunjungan sekitar 1 jam, aksesibilitas mudah, dan rating 4.9/5. harga_sedang akses_mudah durasi_1_jam cocok_teman",194,110,0.5203817832880722
D0056,Museum Blambangan,Edukasi,konservasi,Genteng,20000,Rendah,4.1,2.0,Sulit,Teman,"edukasi, konservasi, keluarga, anak, alam","area parkir, toilet, pusat informasi, pemandu edukasi","Museum Blambangan adalah destinasi Edukasi di Kecamatan Genteng dengan subkategori konservasi. Destinasi ini cocok untuk perjalanan teman, menawarkan aktivitas edukasi, konservasi, keluarga, anak, estimasi tiket Rp20.000, durasi kunjungan sekitar 2 jam, aksesibilitas sulit, dan rating 4.1/5.",Museum Blambangan Edukasi konservasi edukasi konservasi keluarga anak alam area parkir toilet pusat informasi pemandu edukasi harga_rendah akses_sulit durasi_2_jam cocok_teman,"Museum Blambangan adalah destinasi Edukasi di Kecamatan Genteng dengan subkategori konservasi. Destinasi ini cocok untuk perjalanan teman, menawarkan aktivitas edukasi, konservasi, keluarga, anak, estimasi tiket Rp20.000, durasi kunjungan sekitar 2 jam, aksesibilitas sulit, dan rating 4.1/5.","museum blambangan edukasi konservasi edukasi, konservasi, keluarga, anak, alam area parkir, toilet, pusat informasi, pemandu edukasi museum blambangan adalah destinasi edukasi di kecamatan genteng dengan subkategori konservasi. destinasi ini cocok untuk perjalanan teman, menawarkan aktivitas edukasi, konservasi, keluarga, anak, estimasi tiket rp20.000, durasi kunjungan sekitar 2 jam, aksesibilitas sulit, dan rating 4.1/5. harga_rendah akses_sulit durasi_2_jam cocok_teman",179,122,0.45204932180563534
D0057,Edukasi Kopi Gombengsari,Edukasi,museum,Glenmore,20000,Rendah,4.1,5.0,Sedang,Pasangan,"edukasi, konservasi, keluarga, anak, alam","area parkir, toilet, pusat informasi, pemandu edukasi","Edukasi Kopi Gombengsari adalah destinasi Edukasi di Kecamatan Glenmore dengan subkategori museum. Destinasi ini cocok untuk perjalanan pasangan, menawarkan aktivitas edukasi, konservasi, keluarga, anak, estimasi tiket Rp20.000, durasi kunjungan sekitar 5 jam, aksesibilitas sedang, dan rating 4.1/5.",Edukasi Kopi Gombengsari Edukasi museum edukasi konservasi keluarga anak alam area parkir toilet pusat informasi pemandu edukasi harga_rendah akses_sedang durasi_5_jam cocok_pasangan,"Edukasi Kopi Gombengsari adalah destinasi Edukasi di Kecamatan Glenmore dengan subkategori museum. Destinasi ini cocok untuk perjalanan pasangan, menawarkan aktivitas edukasi, konservasi, keluarga, anak, estimasi tiket Rp20.000, durasi kunjungan sekitar 5 jam, aksesibilitas sedang, dan rating 4.1/5.","edukasi kopi gombengsari edukasi museum edukasi, konservasi, keluarga, anak, alam area parkir, toilet, pusat informasi, pemandu edukasi edukasi kopi gombengsari adalah destinasi edukasi di kecamatan glenmore dengan subkategori museum. destinasi ini cocok untuk perjalanan pasangan, menawarkan aktivitas edukasi, konservasi, keluarga, anak, estimasi tiket rp20.000, durasi kunjungan sekitar 5 jam, aksesibilitas sedang, dan rating 4.1/5. harga_rendah akses_sedang durasi_5_jam cocok_pasangan",288,180,0.8562505333268661
D0058,Agro Edukasi Kalibendo,Edukasi,agroedukasi,Rogojampi,75000,Sedang,4.6,1.0,Sedang,Komunitas,"edukasi, konservasi, keluarga, anak, alam","area parkir, toilet, pusat informasi, pemandu edukasi","Agro Edukasi Kalibendo adalah destinasi Edukasi di Kecamatan Rogojampi dengan subkategori agroedukasi. Destinasi ini cocok untuk perjalanan komunitas, menawarkan aktivitas edukasi, konservasi, keluarga, anak, estimasi tiket Rp75.000, durasi kunjungan sekitar 1 jam, aksesibilitas sedang, dan rating 4.6/5.",Agro Edukasi Kalibendo Edukasi agroedukasi edukasi konservasi keluarga anak alam area parkir toilet pusat informasi pemandu edukasi harga_sedang akses_sedang durasi_1_jam cocok_komunitas,"Agro Edukasi Kalibendo adalah destinasi Edukasi di Kecamatan Rogojampi dengan subkategori agroedukasi. Destinasi ini cocok untuk perjalanan komunitas, menawarkan aktivitas edukasi, konservasi, keluarga, anak, estimasi tiket Rp75.000, durasi kunjungan sekitar 1 jam, aksesibilitas sedang, dan rating 4.6/5.","agro edukasi kalibendo edukasi agroedukasi edukasi, konservasi, keluarga, anak, alam area parkir, toilet, pusat informasi, pemandu edukasi agro edukasi kalibendo adalah destinasi edukasi di kecamatan rogojampi dengan subkategori agroedukasi. destinasi ini cocok untuk perjalanan komunitas, menawarkan aktivitas edukasi, konservasi, keluarga, anak, estimasi tiket rp75.000, durasi kunjungan sekitar 1 jam, aksesibilitas sedang, dan rating 4.6/5. harga_sedang akses_sedang durasi_1_jam cocok_komunitas",203,81,0.558901099981463
D0059,Taman Baca Osing,Edukasi,batik,Tegaldlimo,50000,Sedang,4.1,1.5,Mudah,Keluarga,"edukasi, konservasi, keluarga, anak, alam","area parkir, toilet, pusat informasi, pemandu edukasi","Taman Baca Osing adalah destinasi Edukasi di Kecamatan Tegaldlimo dengan subkategori batik. Destinasi ini cocok untuk perjalanan keluarga, menawarkan aktivitas edukasi, konservasi, keluarga, anak, estimasi tiket Rp50.000, durasi kunjungan sekitar 1.5 jam, aksesibilitas mudah, dan rating 4.1/5.",Taman Baca Osing Edukasi batik edukasi konservasi keluarga anak alam area parkir toilet pusat informasi pemandu edukasi harga_sedang akses_mudah durasi_1.5_jam cocok_keluarga,"Taman Baca Osing adalah destinasi Edukasi di Kecamatan Tegaldlimo dengan subkategori batik. Destinasi ini cocok untuk perjalanan keluarga, menawarkan aktivitas edukasi, konservasi, keluarga, anak, estimasi tiket Rp50.000, durasi kunjungan sekitar 1.5 jam, aksesibilitas mudah, dan rating 4.1/5.","taman baca osing edukasi batik edukasi, konservasi, keluarga, anak, alam area parkir, toilet, pusat informasi, pemandu edukasi taman baca osing adalah destinasi edukasi di kecamatan tegaldlimo dengan subkategori batik. destinasi ini cocok untuk perjalanan keluarga, menawarkan aktivitas edukasi, konservasi, keluarga, anak, estimasi tiket rp50.000, durasi kunjungan sekitar 1.5 jam, aksesibilitas mudah, dan rating 4.1/5. harga_sedang akses_mudah durasi_1_jam cocok_keluarga",181,59,0.4614825672261507
D0060,Pusat Edukasi Bahari Muncar,Edukasi,bahari,Pesanggaran,15000,Rendah,4.2,3.0,Mudah,Pasangan,"edukasi, konservasi, keluarga, anak, alam","area parkir, toilet, pusat informasi, pemandu edukasi","Pusat Edukasi Bahari Muncar adalah destinasi Edukasi di Kecamatan Pesanggaran dengan subkategori bahari. Destinasi ini cocok untuk perjalanan pasangan, menawarkan aktivitas edukasi, konservasi, keluarga, anak, estimasi tiket Rp15.000, durasi kunjungan sekitar 3 jam, aksesibilitas mudah, dan rating 4.2/5.",Pusat Edukasi Bahari Muncar Edukasi bahari edukasi konservasi keluarga anak alam area parkir toilet pusat informasi pemandu edukasi harga_rendah akses_mudah durasi_3_jam cocok_pasangan,"Pusat Edukasi Bahari Muncar adalah destinasi Edukasi di Kecamatan Pesanggaran dengan subkategori bahari. Destinasi ini cocok untuk perjalanan pasangan, menawarkan aktivitas edukasi, konservasi, keluarga, anak, estimasi tiket Rp15.000, durasi kunjungan sekitar 3 jam, aksesibilitas mudah, dan rating 4.2/5.","pusat edukasi bahari muncar edukasi bahari edukasi, konservasi, keluarga, anak, alam area parkir, toilet, pusat informasi, pemandu edukasi pusat edukasi bahari muncar adalah destinasi edukasi di kecamatan pesanggaran dengan subkategori bahari. destinasi ini cocok untuk perjalanan pasangan, menawarkan aktivitas edukasi, konservasi, keluarga, anak, estimasi tiket rp15.000, durasi kunjungan sekitar 3 jam, aksesibilitas mudah, dan rating 4.2/5. harga_rendah akses_mudah durasi_3_jam cocok_pasangan",273,218,0.8107495328159527
D0061,Taman Blambangan,Keluarga,taman,Licin,25000,Rendah,4.6,2.0,Sedang,Pasangan,"keluarga, anak, santai, taman, murah","area parkir, toilet, area bermain, gazebo, warung","Taman Blambangan adalah destinasi Keluarga di Kecamatan Licin dengan subkategori taman. Destinasi ini cocok untuk perjalanan pasangan, menawarkan aktivitas keluarga, anak, santai, taman, estimasi tiket Rp25.000, durasi kunjungan sekitar 2 jam, aksesibilitas sedang, dan rating 4.6/5.",Taman Blambangan Keluarga taman keluarga anak santai taman murah area parkir toilet area bermain gazebo warung harga_rendah akses_sedang durasi_2_jam cocok_pasangan,"Taman Blambangan adalah destinasi Keluarga di Kecamatan Licin dengan subkategori taman. Destinasi ini cocok untuk perjalanan pasangan, menawarkan aktivitas keluarga, anak, santai, taman, estimasi tiket Rp25.000, durasi kunjungan sekitar 2 jam, aksesibilitas sedang, dan rating 4.6/5.","taman blambangan keluarga taman keluarga, anak, santai, taman, murah area parkir, toilet, area bermain, gazebo, warung taman blambangan adalah destinasi keluarga di kecamatan licin dengan subkategori taman. destinasi ini cocok untuk perjalanan pasangan, menawarkan aktivitas keluarga, anak, santai, taman, estimasi tiket rp25.000, durasi kunjungan sekitar 2 jam, aksesibilitas sedang, dan rating 4.6/5. harga_rendah akses_sedang durasi_2_jam cocok_pasangan",174,131,0.4279998434558462
D0062,Taman Sritanjung,Keluarga,waterpark,Genteng,0,Rendah,4.6,5.0,Mudah,Keluarga,"keluarga, anak, santai, taman, murah","area parkir, toilet, area bermain, gazebo, warung","Taman Sritanjung adalah destinasi Keluarga di Kecamatan Genteng dengan subkategori waterpark. Destinasi ini cocok untuk perjalanan keluarga, menawarkan aktivitas keluarga, anak, santai, taman, estimasi tiket gratis, durasi kunjungan sekitar 5 jam, aksesibilitas mudah, dan rating 4.6/5.",Taman Sritanjung Keluarga waterpark keluarga anak santai taman murah area parkir toilet area bermain gazebo warung harga_rendah akses_mudah durasi_5_jam cocok_keluarga,"Taman Sritanjung adalah destinasi Keluarga di Kecamatan Genteng dengan subkategori waterpark. Destinasi ini cocok untuk perjalanan keluarga, menawarkan aktivitas keluarga, anak, santai, taman, estimasi tiket gratis, durasi kunjungan sekitar 5 jam, aksesibilitas mudah, dan rating 4.6/5.","taman sritanjung keluarga waterpark keluarga, anak, santai, taman, murah area parkir, toilet, area bermain, gazebo, warung taman sritanjung adalah destinasi keluarga di kecamatan genteng dengan subkategori waterpark. destinasi ini cocok untuk perjalanan keluarga, menawarkan aktivitas keluarga, anak, santai, taman, estimasi tiket gratis, durasi kunjungan sekitar 5 jam, aksesibilitas mudah, dan rating 4.6/5. harga_rendah akses_mudah durasi_5_jam cocok_keluarga",313,194,0.9270788637676125
D0063,Taman Sayu Wiwit,Keluarga,rekreasi,Tegaldlimo,30000,Sedang,4.1,2.0,Mudah,Solo,"keluarga, anak, santai, taman, murah","area parkir, toilet, area bermain, gazebo, warung","Taman Sayu Wiwit adalah destinasi Keluarga di Kecamatan Tegaldlimo dengan subkategori rekreasi. Destinasi ini cocok untuk perjalanan solo, menawarkan aktivitas keluarga, anak, santai, taman, estimasi tiket Rp30.000, durasi kunjungan sekitar 2 jam, aksesibilitas mudah, dan rating 4.1/5.",Taman Sayu Wiwit Keluarga rekreasi keluarga anak santai taman murah area parkir toilet area bermain gazebo warung harga_sedang akses_mudah durasi_2_jam cocok_solo,"Taman Sayu Wiwit adalah destinasi Keluarga di Kecamatan Tegaldlimo dengan subkategori rekreasi. Destinasi ini cocok untuk perjalanan solo, menawarkan aktivitas keluarga, anak, santai, taman, estimasi tiket Rp30.000, durasi kunjungan sekitar 2 jam, aksesibilitas mudah, dan rating 4.1/5.","taman sayu wiwit keluarga rekreasi keluarga, anak, santai, taman, murah area parkir, toilet, area bermain, gazebo, warung taman sayu wiwit adalah destinasi keluarga di kecamatan tegaldlimo dengan subkategori rekreasi. destinasi ini cocok untuk perjalanan solo, menawarkan aktivitas keluarga, anak, santai, taman, estimasi tiket rp30.000, durasi kunjungan sekitar 2 jam, aksesibilitas mudah, dan rating 4.1/5. harga_sedang akses_mudah durasi_2_jam cocok_solo",207,71,0.5754783203486815
D0064,Mirah Fantasia Banyuwangi,Keluarga,ruang terbuka,Tegaldlimo,25000,Rendah,4.4,1.0,Mudah,Teman,"keluarga, anak, santai, taman, murah","area parkir, toilet, area bermain, gazebo, warung","Mirah Fantasia Banyuwangi adalah destinasi Keluarga di Kecamatan Tegaldlimo dengan subkategori ruang terbuka. Destinasi ini cocok untuk perjalanan teman, menawarkan aktivitas keluarga, anak, santai, taman, estimasi tiket Rp25.000, durasi kunjungan sekitar 1 jam, aksesibilitas mudah, dan rating 4.4/5.",Mirah Fantasia Banyuwangi Keluarga ruang terbuka keluarga anak santai taman murah area parkir toilet area bermain gazebo warung harga_rendah akses_mudah durasi_1_jam cocok_teman,"Mirah Fantasia Banyuwangi adalah destinasi Keluarga di Kecamatan Tegaldlimo dengan subkategori ruang terbuka. Destinasi ini cocok untuk perjalanan teman, menawarkan aktivitas keluarga, anak, santai, taman, estimasi tiket Rp25.000, durasi kunjungan sekitar 1 jam, aksesibilitas mudah, dan rating 4.4/5.","mirah fantasia banyuwangi keluarga ruang terbuka keluarga, anak, santai, taman, murah area parkir, toilet, area bermain, gazebo, warung mirah fantasia banyuwangi adalah destinasi keluarga di kecamatan tegaldlimo dengan subkategori ruang terbuka. destinasi ini cocok untuk perjalanan teman, menawarkan aktivitas keluarga, anak, santai, taman, estimasi tiket rp25.000, durasi kunjungan sekitar 1 jam, aksesibilitas mudah, dan rating 4.4/5. harga_rendah akses_mudah durasi_1_jam cocok_teman",212,104,0.5957571841499888
D0065,Waterpark Jajag,Keluarga,kolam renang,Kalipuro,0,Rendah,4.8,3.0,Sedang,Solo,"keluarga, anak, santai, taman, murah","area parkir, toilet, area bermain, gazebo, warung","Waterpark Jajag adalah destinasi Keluarga di Kecamatan Kalipuro dengan subkategori kolam renang. Destinasi ini cocok untuk perjalanan solo, menawarkan aktivitas keluarga, anak, santai, taman, estimasi tiket gratis, durasi kunjungan sekitar 3 jam, aksesibilitas sedang, dan rating 4.8/5.",Waterpark Jajag Keluarga kolam renang keluarga anak santai taman murah area parkir toilet area bermain gazebo warung harga_rendah akses_sedang durasi_3_jam cocok_solo,"Waterpark Jajag adalah destinasi Keluarga di Kecamatan Kalipuro dengan subkategori kolam renang. Destinasi ini cocok untuk perjalanan solo, menawarkan aktivitas keluarga, anak, santai, taman, estimasi tiket gratis, durasi kunjungan sekitar 3 jam, aksesibilitas sedang, dan rating 4.8/5.","waterpark jajag keluarga kolam renang keluarga, anak, santai, taman, murah area parkir, toilet, area bermain, gazebo, warung waterpark jajag adalah destinasi keluarga di kecamatan kalipuro dengan subkategori kolam renang. destinasi ini cocok untuk perjalanan solo, menawarkan aktivitas keluarga, anak, santai, taman, estimasi tiket gratis, durasi kunjungan sekitar 3 jam, aksesibilitas sedang, dan rating 4.8/5. harga_rendah akses_sedang durasi_3_jam cocok_solo",209,168,0.5836477609132886
D0066,Taman Tirta Wangi,Keluarga,taman,Genteng,0,Rendah,4.3,5.0,Sulit,Keluarga,"keluarga, anak, santai, taman, murah","area parkir, toilet, area bermain, gazebo, warung","Taman Tirta Wangi adalah destinasi Keluarga di Kecamatan Genteng dengan subkategori taman. Destinasi ini cocok untuk perjalanan keluarga, menawarkan aktivitas keluarga, anak, santai, taman, estimasi tiket gratis, durasi kunjungan sekitar 5 jam, aksesibilitas sulit, dan rating 4.3/5.",Taman Tirta Wangi Keluarga taman keluarga anak santai taman murah area parkir toilet area bermain gazebo warung harga_rendah akses_sulit durasi_5_jam cocok_keluarga,"Taman Tirta Wangi adalah destinasi Keluarga di Kecamatan Genteng dengan subkategori taman. Destinasi ini cocok untuk perjalanan keluarga, menawarkan aktivitas keluarga, anak, santai, taman, estimasi tiket gratis, durasi kunjungan sekitar 5 jam, aksesibilitas sulit, dan rating 4.3/5.","taman tirta wangi keluarga taman keluarga, anak, santai, taman, murah area parkir, toilet, area bermain, gazebo, warung taman tirta wangi adalah destinasi keluarga di kecamatan genteng dengan subkategori taman. destinasi ini cocok untuk perjalanan keluarga, menawarkan aktivitas keluarga, anak, santai, taman, estimasi tiket gratis, durasi kunjungan sekitar 5 jam, aksesibilitas sulit, dan rating 4.3/5. harga_rendah akses_sulit durasi_5_jam cocok_keluarga",249,159,0.7324932517479509
D0067,Pantai Boom Family Area,Keluarga,waterpark,Muncar,5000,Rendah,4.6,4.0,Mudah,Komunitas,"keluarga, anak, santai, taman, murah","area parkir, toilet, area bermain, gazebo, warung","Pantai Boom Family Area adalah destinasi Keluarga di Kecamatan Muncar dengan subkategori waterpark. Destinasi ini cocok untuk perjalanan komunitas, menawarkan aktivitas keluarga, anak, santai, taman, estimasi tiket Rp5.000, durasi kunjungan sekitar 4 jam, aksesibilitas mudah, dan rating 4.6/5.",Pantai Boom Family Area Keluarga waterpark keluarga anak santai taman murah area parkir toilet area bermain gazebo warung harga_rendah akses_mudah durasi_4_jam cocok_komunitas,"Pantai Boom Family Area adalah destinasi Keluarga di Kecamatan Muncar dengan subkategori waterpark. Destinasi ini cocok untuk perjalanan komunitas, menawarkan aktivitas keluarga, anak, santai, taman, estimasi tiket Rp5.000, durasi kunjungan sekitar 4 jam, aksesibilitas mudah, dan rating 4.6/5.","pantai boom family area keluarga waterpark keluarga, anak, santai, taman, murah area parkir, toilet, area bermain, gazebo, warung pantai boom family area adalah destinasi keluarga di kecamatan muncar dengan subkategori waterpark. destinasi ini cocok untuk perjalanan komunitas, menawarkan aktivitas keluarga, anak, santai, taman, estimasi tiket rp5.000, durasi kunjungan sekitar 4 jam, aksesibilitas mudah, dan rating 4.6/5. harga_rendah akses_mudah durasi_4_jam cocok_komunitas",286,230,0.8503220371108243
D0068,Ruang Terbuka Hijau Maron,Keluarga,rekreasi,Muncar,20000,Rendah,4.7,1.5,Sulit,Teman,"keluarga, anak, santai, taman, murah","area parkir, toilet, area bermain, gazebo, warung","Ruang Terbuka Hijau Maron adalah destinasi Keluarga di Kecamatan Muncar dengan subkategori rekreasi. Destinasi ini cocok untuk perjalanan teman, menawarkan aktivitas keluarga, anak, santai, taman, estimasi tiket Rp20.000, durasi kunjungan sekitar 1.5 jam, aksesibilitas sulit, dan rating 4.7/5.",Ruang Terbuka Hijau Maron Keluarga rekreasi keluarga anak santai taman murah area parkir toilet area bermain gazebo warung harga_rendah akses_sulit durasi_1.5_jam cocok_teman,"Ruang Terbuka Hijau Maron adalah destinasi Keluarga di Kecamatan Muncar dengan subkategori rekreasi. Destinasi ini cocok untuk perjalanan teman, menawarkan aktivitas keluarga, anak, santai, taman, estimasi tiket Rp20.000, durasi kunjungan sekitar 1.5 jam, aksesibilitas sulit, dan rating 4.7/5.","ruang terbuka hijau maron keluarga rekreasi keluarga, anak, santai, taman, murah area parkir, toilet, area bermain, gazebo, warung ruang terbuka hijau maron adalah destinasi keluarga di kecamatan muncar dengan subkategori rekreasi. destinasi ini cocok untuk perjalanan teman, menawarkan aktivitas keluarga, anak, santai, taman, estimasi tiket rp20.000, durasi kunjungan sekitar 1.5 jam, aksesibilitas sulit, dan rating 4.7/5. harga_rendah akses_sulit durasi_1_jam cocok_teman",136,76,0.21900976795875093
D0069,Kolam Renang Tamansari,Keluarga,ruang terbuka,Pesanggaran,0,Rendah,4.2,2.0,Sedang,Solo,"keluarga, anak, santai, taman, murah","area parkir, toilet, area bermain, gazebo, warung","Kolam Renang Tamansari adalah destinasi Keluarga di Kecamatan Pesanggaran dengan subkategori ruang terbuka. Destinasi ini cocok untuk perjalanan solo, menawarkan aktivitas keluarga, anak, santai, taman, estimasi tiket gratis, durasi kunjungan sekitar 2 jam, aksesibilitas sedang, dan rating 4.2/5.",Kolam Renang Tamansari Keluarga ruang terbuka keluarga anak santai taman murah area parkir toilet area bermain gazebo warung harga_rendah akses_sedang durasi_2_jam cocok_solo,"Kolam Renang Tamansari adalah destinasi Keluarga di Kecamatan Pesanggaran dengan subkategori ruang terbuka. Destinasi ini cocok untuk perjalanan solo, menawarkan aktivitas keluarga, anak, santai, taman, estimasi tiket gratis, durasi kunjungan sekitar 2 jam, aksesibilitas sedang, dan rating 4.2/5.","kolam renang tamansari keluarga ruang terbuka keluarga, anak, santai, taman, murah area parkir, toilet, area bermain, gazebo, warung kolam renang tamansari adalah destinasi keluarga di kecamatan pesanggaran dengan subkategori ruang terbuka. destinasi ini cocok untuk perjalanan solo, menawarkan aktivitas keluarga, anak, santai, taman, estimasi tiket gratis, durasi kunjungan sekitar 2 jam, aksesibilitas sedang, dan rating 4.2/5. harga_rendah akses_sedang durasi_2_jam cocok_solo",179,125,0.45204932180563534
D0070,Kampung Warna-Warni Banyuwangi,Keluarga,kolam renang,Glagah,10000,Rendah,4.1,4.0,Mudah,Keluarga,"keluarga, anak, santai, taman, murah","area parkir, toilet, area bermain, gazebo, warung","Kampung Warna-Warni Banyuwangi adalah destinasi Keluarga di Kecamatan Glagah dengan subkategori kolam renang. Destinasi ini cocok untuk perjalanan keluarga, menawarkan aktivitas keluarga, anak, santai, taman, estimasi tiket Rp10.000, durasi kunjungan sekitar 4 jam, aksesibilitas mudah, dan rating 4.1/5.",Kampung Warna-Warni Banyuwangi Keluarga kolam renang keluarga anak santai taman murah area parkir toilet area bermain gazebo warung harga_rendah akses_mudah durasi_4_jam cocok_keluarga,"Kampung Warna-Warni Banyuwangi adalah destinasi Keluarga di Kecamatan Glagah dengan subkategori kolam renang. Destinasi ini cocok untuk perjalanan keluarga, menawarkan aktivitas keluarga, anak, santai, taman, estimasi tiket Rp10.000, durasi kunjungan sekitar 4 jam, aksesibilitas mudah, dan rating 4.1/5.","kampung warna-warni banyuwangi keluarga kolam renang keluarga, anak, santai, taman, murah area parkir, toilet, area bermain, gazebo, warung kampung warna-warni banyuwangi adalah destinasi keluarga di kecamatan glagah dengan subkategori kolam renang. destinasi ini cocok untuk perjalanan keluarga, menawarkan aktivitas keluarga, anak, santai, taman, estimasi tiket rp10.000, durasi kunjungan sekitar 4 jam, aksesibilitas mudah, dan rating 4.1/5. harga_rendah akses_mudah durasi_4_jam cocok_keluarga",242,206,0.7082486196599117
D0071,Trekking Kawah Ijen,Petualangan,trekking,Pesanggaran,50000,Sedang,4.2,2.5,Mudah,Teman,"petualangan, adrenalin, trekking, rafting, surfing","area parkir, toilet, pemandu wisata, penyewaan alat","Trekking Kawah Ijen adalah destinasi Petualangan di Kecamatan Pesanggaran dengan subkategori trekking. Destinasi ini cocok untuk perjalanan teman, menawarkan aktivitas petualangan, adrenalin, trekking, rafting, estimasi tiket Rp50.000, durasi kunjungan sekitar 2.5 jam, aksesibilitas mudah, dan rating 4.2/5.",Trekking Kawah Ijen Petualangan trekking petualangan adrenalin trekking rafting surfing area parkir toilet pemandu wisata penyewaan alat harga_sedang akses_mudah durasi_2.5_jam cocok_teman,"Trekking Kawah Ijen adalah destinasi Petualangan di Kecamatan Pesanggaran dengan subkategori trekking. Destinasi ini cocok untuk perjalanan teman, menawarkan aktivitas petualangan, adrenalin, trekking, rafting, estimasi tiket Rp50.000, durasi kunjungan sekitar 2.5 jam, aksesibilitas mudah, dan rating 4.2/5.","trekking kawah ijen petualangan trekking petualangan, adrenalin, trekking, rafting, surfing area parkir, toilet, pemandu wisata, penyewaan alat trekking kawah ijen adalah destinasi petualangan di kecamatan pesanggaran dengan subkategori trekking. destinasi ini cocok untuk perjalanan teman, menawarkan aktivitas petualangan, adrenalin, trekking, rafting, estimasi tiket rp50.000, durasi kunjungan sekitar 2.5 jam, aksesibilitas mudah, dan rating 4.2/5. harga_sedang akses_mudah durasi_2_jam cocok_teman",341,91,1.0
D0072,Surfing Camp G-Land,Petualangan,surfing,Rogojampi,35000,Sedang,4.6,2.5,Mudah,Keluarga,"petualangan, adrenalin, trekking, rafting, surfing","area parkir, toilet, pemandu wisata, penyewaan alat","Surfing Camp G-Land adalah destinasi Petualangan di Kecamatan Rogojampi dengan subkategori surfing. Destinasi ini cocok untuk perjalanan keluarga, menawarkan aktivitas petualangan, adrenalin, trekking, rafting, estimasi tiket Rp35.000, durasi kunjungan sekitar 2.5 jam, aksesibilitas mudah, dan rating 4.6/5.",Surfing Camp G-Land Petualangan surfing petualangan adrenalin trekking rafting surfing area parkir toilet pemandu wisata penyewaan alat harga_sedang akses_mudah durasi_2.5_jam cocok_keluarga,"Surfing Camp G-Land adalah destinasi Petualangan di Kecamatan Rogojampi dengan subkategori surfing. Destinasi ini cocok untuk perjalanan keluarga, menawarkan aktivitas petualangan, adrenalin, trekking, rafting, estimasi tiket Rp35.000, durasi kunjungan sekitar 2.5 jam, aksesibilitas mudah, dan rating 4.6/5.","surfing camp g-land petualangan surfing petualangan, adrenalin, trekking, rafting, surfing area parkir, toilet, pemandu wisata, penyewaan alat surfing camp g-land adalah destinasi petualangan di kecamatan rogojampi dengan subkategori surfing. destinasi ini cocok untuk perjalanan keluarga, menawarkan aktivitas petualangan, adrenalin, trekking, rafting, estimasi tiket rp35.000, durasi kunjungan sekitar 2.5 jam, aksesibilitas mudah, dan rating 4.6/5. harga_sedang akses_mudah durasi_2_jam cocok_keluarga",225,115,0.6463327925996142
D0073,Rafting X-Badeng,Petualangan,rafting,Genteng,75000,Sedang,4.6,2.5,Sedang,Komunitas,"petualangan, adrenalin, trekking, rafting, surfing","area parkir, toilet, pemandu wisata, penyewaan alat","Rafting X-Badeng adalah destinasi Petualangan di Kecamatan Genteng dengan subkategori rafting. Destinasi ini cocok untuk perjalanan komunitas, menawarkan aktivitas petualangan, adrenalin, trekking, rafting, estimasi tiket Rp75.000, durasi kunjungan sekitar 2.5 jam, aksesibilitas sedang, dan rating 4.6/5.",Rafting X-Badeng Petualangan rafting petualangan adrenalin trekking rafting surfing area parkir toilet pemandu wisata penyewaan alat harga_sedang akses_sedang durasi_2.5_jam cocok_komunitas,"Rafting X-Badeng adalah destinasi Petualangan di Kecamatan Genteng dengan subkategori rafting. Destinasi ini cocok untuk perjalanan komunitas, menawarkan aktivitas petualangan, adrenalin, trekking, rafting, estimasi tiket Rp75.000, durasi kunjungan sekitar 2.5 jam, aksesibilitas sedang, dan rating 4.6/5.","rafting x-badeng petualangan rafting petualangan, adrenalin, trekking, rafting, surfing area parkir, toilet, pemandu wisata, penyewaan alat rafting x-badeng adalah destinasi petualangan di kecamatan genteng dengan subkategori rafting. destinasi ini cocok untuk perjalanan komunitas, menawarkan aktivitas petualangan, adrenalin, trekking, rafting, estimasi tiket rp75.000, durasi kunjungan sekitar 2.5 jam, aksesibilitas sedang, dan rating 4.6/5. harga_sedang akses_sedang durasi_2_jam cocok_komunitas",236,96,0.6869050073607086
D0074,Snorkeling Pulau Tabuhan,Petualangan,diving,Licin,35000,Sedang,4.1,2.0,Mudah,Pasangan,"petualangan, adrenalin, trekking, rafting, surfing","area parkir, toilet, pemandu wisata, penyewaan alat","Snorkeling Pulau Tabuhan adalah destinasi Petualangan di Kecamatan Licin dengan subkategori diving. Destinasi ini cocok untuk perjalanan pasangan, menawarkan aktivitas petualangan, adrenalin, trekking, rafting, estimasi tiket Rp35.000, durasi kunjungan sekitar 2 jam, aksesibilitas mudah, dan rating 4.1/5.",Snorkeling Pulau Tabuhan Petualangan diving petualangan adrenalin trekking rafting surfing area parkir toilet pemandu wisata penyewaan alat harga_sedang akses_mudah durasi_2_jam cocok_pasangan,"Snorkeling Pulau Tabuhan adalah destinasi Petualangan di Kecamatan Licin dengan subkategori diving. Destinasi ini cocok untuk perjalanan pasangan, menawarkan aktivitas petualangan, adrenalin, trekking, rafting, estimasi tiket Rp35.000, durasi kunjungan sekitar 2 jam, aksesibilitas mudah, dan rating 4.1/5.","snorkeling pulau tabuhan petualangan diving petualangan, adrenalin, trekking, rafting, surfing area parkir, toilet, pemandu wisata, penyewaan alat snorkeling pulau tabuhan adalah destinasi petualangan di kecamatan licin dengan subkategori diving. destinasi ini cocok untuk perjalanan pasangan, menawarkan aktivitas petualangan, adrenalin, trekking, rafting, estimasi tiket rp35.000, durasi kunjungan sekitar 2 jam, aksesibilitas mudah, dan rating 4.1/5. harga_sedang akses_mudah durasi_2_jam cocok_pasangan",279,84,0.8292419531434725
D0075,Diving Bangsring,Petualangan,camping,Muncar,35000,Sedang,4.5,2.0,Sedang,Pasangan,"petualangan, adrenalin, trekking, rafting, surfing","area parkir, toilet, pemandu wisata, penyewaan alat","Diving Bangsring adalah destinasi Petualangan di Kecamatan Muncar dengan subkategori camping. Destinasi ini cocok untuk perjalanan pasangan, menawarkan aktivitas petualangan, adrenalin, trekking, rafting, estimasi tiket Rp35.000, durasi kunjungan sekitar 2 jam, aksesibilitas sedang, dan rating 4.5/5.",Diving Bangsring Petualangan camping petualangan adrenalin trekking rafting surfing area parkir toilet pemandu wisata penyewaan alat harga_sedang akses_sedang durasi_2_jam cocok_pasangan,"Diving Bangsring adalah destinasi Petualangan di Kecamatan Muncar dengan subkategori camping. Destinasi ini cocok untuk perjalanan pasangan, menawarkan aktivitas petualangan, adrenalin, trekking, rafting, estimasi tiket Rp35.000, durasi kunjungan sekitar 2 jam, aksesibilitas sedang, dan rating 4.5/5.","diving bangsring petualangan camping petualangan, adrenalin, trekking, rafting, surfing area parkir, toilet, pemandu wisata, penyewaan alat diving bangsring adalah destinasi petualangan di kecamatan muncar dengan subkategori camping. destinasi ini cocok untuk perjalanan pasangan, menawarkan aktivitas petualangan, adrenalin, trekking, rafting, estimasi tiket rp35.000, durasi kunjungan sekitar 2 jam, aksesibilitas sedang, dan rating 4.5/5. harga_sedang akses_sedang durasi_2_jam cocok_pasangan",249,107,0.7324932517479509
D0076,Offroad Licin,Petualangan,trekking,Pesanggaran,125000,Tinggi,4.9,1.0,Mudah,Komunitas,"petualangan, adrenalin, trekking, rafting, surfing","area parkir, toilet, pemandu wisata, penyewaan alat","Offroad Licin adalah destinasi Petualangan di Kecamatan Pesanggaran dengan subkategori trekking. Destinasi ini cocok untuk perjalanan komunitas, menawarkan aktivitas petualangan, adrenalin, trekking, rafting, estimasi tiket Rp125.000, durasi kunjungan sekitar 1 jam, aksesibilitas mudah, dan rating 4.9/5.",Offroad Licin Petualangan trekking petualangan adrenalin trekking rafting surfing area parkir toilet pemandu wisata penyewaan alat harga_tinggi akses_mudah durasi_1_jam cocok_komunitas,"Offroad Licin adalah destinasi Petualangan di Kecamatan Pesanggaran dengan subkategori trekking. Destinasi ini cocok untuk perjalanan komunitas, menawarkan aktivitas petualangan, adrenalin, trekking, rafting, estimasi tiket Rp125.000, durasi kunjungan sekitar 1 jam, aksesibilitas mudah, dan rating 4.9/5.","offroad licin petualangan trekking petualangan, adrenalin, trekking, rafting, surfing area parkir, toilet, pemandu wisata, penyewaan alat offroad licin adalah destinasi petualangan di kecamatan pesanggaran dengan subkategori trekking. destinasi ini cocok untuk perjalanan komunitas, menawarkan aktivitas petualangan, adrenalin, trekking, rafting, estimasi tiket rp125.000, durasi kunjungan sekitar 1 jam, aksesibilitas mudah, dan rating 4.9/5. harga_tinggi akses_mudah durasi_1_jam cocok_komunitas",150,35,0.3020738506282917
D0077,Camping Sukamade,Petualangan,surfing,Pesanggaran,75000,Sedang,4.0,2.5,Mudah,Komunitas,"petualangan, adrenalin, trekking, rafting, surfing","area parkir, toilet, pemandu wisata, penyewaan alat","Camping Sukamade adalah destinasi Petualangan di Kecamatan Pesanggaran dengan subkategori surfing. Destinasi ini cocok untuk perjalanan komunitas, menawarkan aktivitas petualangan, adrenalin, trekking, rafting, estimasi tiket Rp75.000, durasi kunjungan sekitar 2.5 jam, aksesibilitas mudah, dan rating 4/5.",Camping Sukamade Petualangan surfing petualangan adrenalin trekking rafting surfing area parkir toilet pemandu wisata penyewaan alat harga_sedang akses_mudah durasi_2.5_jam cocok_komunitas,"Camping Sukamade adalah destinasi Petualangan di Kecamatan Pesanggaran dengan subkategori surfing. Destinasi ini cocok untuk perjalanan komunitas, menawarkan aktivitas petualangan, adrenalin, trekking, rafting, estimasi tiket Rp75.000, durasi kunjungan sekitar 2.5 jam, aksesibilitas mudah, dan rating 4/5.","camping sukamade petualangan surfing petualangan, adrenalin, trekking, rafting, surfing area parkir, toilet, pemandu wisata, penyewaan alat camping sukamade adalah destinasi petualangan di kecamatan pesanggaran dengan subkategori surfing. destinasi ini cocok untuk perjalanan komunitas, menawarkan aktivitas petualangan, adrenalin, trekking, rafting, estimasi tiket rp75.000, durasi kunjungan sekitar 2.5 jam, aksesibilitas mudah, dan rating 4/5. harga_sedang akses_mudah durasi_2_jam cocok_komunitas",214,82,0.6037357471231336
D0078,Jelajah Alas Purwo,Petualangan,rafting,Genteng,75000,Sedang,4.4,4.0,Sulit,Komunitas,"petualangan, adrenalin, trekking, rafting, surfing","area parkir, toilet, pemandu wisata, penyewaan alat","Jelajah Alas Purwo adalah destinasi Petualangan di Kecamatan Genteng dengan subkategori rafting. Destinasi ini cocok untuk perjalanan komunitas, menawarkan aktivitas petualangan, adrenalin, trekking, rafting, estimasi tiket Rp75.000, durasi kunjungan sekitar 4 jam, aksesibilitas sulit, dan rating 4.4/5.",Jelajah Alas Purwo Petualangan rafting petualangan adrenalin trekking rafting surfing area parkir toilet pemandu wisata penyewaan alat harga_sedang akses_sulit durasi_4_jam cocok_komunitas,"Jelajah Alas Purwo adalah destinasi Petualangan di Kecamatan Genteng dengan subkategori rafting. Destinasi ini cocok untuk perjalanan komunitas, menawarkan aktivitas petualangan, adrenalin, trekking, rafting, estimasi tiket Rp75.000, durasi kunjungan sekitar 4 jam, aksesibilitas sulit, dan rating 4.4/5.","jelajah alas purwo petualangan rafting petualangan, adrenalin, trekking, rafting, surfing area parkir, toilet, pemandu wisata, penyewaan alat jelajah alas purwo adalah destinasi petualangan di kecamatan genteng dengan subkategori rafting. destinasi ini cocok untuk perjalanan komunitas, menawarkan aktivitas petualangan, adrenalin, trekking, rafting, estimasi tiket rp75.000, durasi kunjungan sekitar 4 jam, aksesibilitas sulit, dan rating 4.4/5. harga_sedang akses_sulit durasi_4_jam cocok_komunitas",224,105,0.64254697697521
D0079,Rafting Kalibaru,Petualangan,diving,Rogojampi,150000,Tinggi,4.8,4.0,Sulit,Komunitas,"petualangan, adrenalin, trekking, rafting, surfing","area parkir, toilet, pemandu wisata, penyewaan alat","Rafting Kalibaru adalah destinasi Petualangan di Kecamatan Rogojampi dengan subkategori diving. Destinasi ini cocok untuk perjalanan komunitas, menawarkan aktivitas petualangan, adrenalin, trekking, rafting, estimasi tiket Rp150.000, durasi kunjungan sekitar 4 jam, aksesibilitas sulit, dan rating 4.8/5.",Rafting Kalibaru Petualangan diving petualangan adrenalin trekking rafting surfing area parkir toilet pemandu wisata penyewaan alat harga_tinggi akses_sulit durasi_4_jam cocok_komunitas,"Rafting Kalibaru adalah destinasi Petualangan di Kecamatan Rogojampi dengan subkategori diving. Destinasi ini cocok untuk perjalanan komunitas, menawarkan aktivitas petualangan, adrenalin, trekking, rafting, estimasi tiket Rp150.000, durasi kunjungan sekitar 4 jam, aksesibilitas sulit, dan rating 4.8/5.","rafting kalibaru petualangan diving petualangan, adrenalin, trekking, rafting, surfing area parkir, toilet, pemandu wisata, penyewaan alat rafting kalibaru adalah destinasi petualangan di kecamatan rogojampi dengan subkategori diving. destinasi ini cocok untuk perjalanan komunitas, menawarkan aktivitas petualangan, adrenalin, trekking, rafting, estimasi tiket rp150.000, durasi kunjungan sekitar 4 jam, aksesibilitas sulit, dan rating 4.8/5. harga_tinggi akses_sulit durasi_4_jam cocok_komunitas",122,35,0.12698383314596856
D0080,Bike Trail Ijen,Petualangan,camping,Kalipuro,150000,Tinggi,4.4,2.5,Sedang,Komunitas,"petualangan, adrenalin, trekking, rafting, surfing","area parkir, toilet, pemandu wisata, penyewaan alat","Bike Trail Ijen adalah destinasi Petualangan di Kecamatan Kalipuro dengan subkategori camping. Destinasi ini cocok untuk perjalanan komunitas, menawarkan aktivitas petualangan, adrenalin, trekking, rafting, estimasi tiket Rp150.000, durasi kunjungan sekitar 2.5 jam, aksesibilitas sedang, dan rating 4.4/5.",Bike Trail Ijen Petualangan camping petualangan adrenalin trekking rafting surfing area parkir toilet pemandu wisata penyewaan alat harga_tinggi akses_sedang durasi_2.5_jam cocok_komunitas,"Bike Trail Ijen adalah destinasi Petualangan di Kecamatan Kalipuro dengan subkategori camping. Destinasi ini cocok untuk perjalanan komunitas, menawarkan aktivitas petualangan, adrenalin, trekking, rafting, estimasi tiket Rp150.000, durasi kunjungan sekitar 2.5 jam, aksesibilitas sedang, dan rating 4.4/5.","bike trail ijen petualangan camping petualangan, adrenalin, trekking, rafting, surfing area parkir, toilet, pemandu wisata, penyewaan alat bike trail ijen adalah destinasi petualangan di kecamatan kalipuro dengan subkategori camping. destinasi ini cocok untuk perjalanan komunitas, menawarkan aktivitas petualangan, adrenalin, trekking, rafting, estimasi tiket rp150.000, durasi kunjungan sekitar 2.5 jam, aksesibilitas sedang, dan rating 4.4/5. harga_tinggi akses_sedang durasi_2_jam cocok_komunitas",180,32,0.45677897392668265
D0081,Situs Macan Putih,Sejarah,situs,Glenmore,5000,Rendah,4.4,2.5,Sedang,Teman,"sejarah, heritage, edukasi, arsitektur, budaya","area parkir, toilet, pusat informasi, pemandu wisata","Situs Macan Putih adalah destinasi Sejarah di Kecamatan Glenmore dengan subkategori situs. Destinasi ini cocok untuk perjalanan teman, menawarkan aktivitas sejarah, heritage, edukasi, arsitektur, estimasi tiket Rp5.000, durasi kunjungan sekitar 2.5 jam, aksesibilitas sedang, dan rating 4.4/5.",Situs Macan Putih Sejarah situs sejarah heritage edukasi arsitektur budaya area parkir toilet pusat informasi pemandu wisata harga_rendah akses_sedang durasi_2.5_jam cocok_teman,"Situs Macan Putih adalah destinasi Sejarah di Kecamatan Glenmore dengan subkategori situs. Destinasi ini cocok untuk perjalanan teman, menawarkan aktivitas sejarah, heritage, edukasi, arsitektur, estimasi tiket Rp5.000, durasi kunjungan sekitar 2.5 jam, aksesibilitas sedang, dan rating 4.4/5.","situs macan putih sejarah situs sejarah, heritage, edukasi, arsitektur, budaya area parkir, toilet, pusat informasi, pemandu wisata situs macan putih adalah destinasi sejarah di kecamatan glenmore dengan subkategori situs. destinasi ini cocok untuk perjalanan teman, menawarkan aktivitas sejarah, heritage, edukasi, arsitektur, estimasi tiket rp5.000, durasi kunjungan sekitar 2.5 jam, aksesibilitas sedang, dan rating 4.4/5. harga_rendah akses_sedang durasi_2_jam cocok_teman",236,163,0.6869050073607086
D0082,Gedung Inggrisan,Sejarah,museum,Rogojampi,20000,Rendah,4.3,3.0,Sedang,Pasangan,"sejarah, heritage, edukasi, arsitektur, budaya","area parkir, toilet, pusat informasi, pemandu wisata","Gedung Inggrisan adalah destinasi Sejarah di Kecamatan Rogojampi dengan subkategori museum. Destinasi ini cocok untuk perjalanan pasangan, menawarkan aktivitas sejarah, heritage, edukasi, arsitektur, estimasi tiket Rp20.000, durasi kunjungan sekitar 3 jam, aksesibilitas sedang, dan rating 4.3/5.",Gedung Inggrisan Sejarah museum sejarah heritage edukasi arsitektur budaya area parkir toilet pusat informasi pemandu wisata harga_rendah akses_sedang durasi_3_jam cocok_pasangan,"Gedung Inggrisan adalah destinasi Sejarah di Kecamatan Rogojampi dengan subkategori museum. Destinasi ini cocok untuk perjalanan pasangan, menawarkan aktivitas sejarah, heritage, edukasi, arsitektur, estimasi tiket Rp20.000, durasi kunjungan sekitar 3 jam, aksesibilitas sedang, dan rating 4.3/5.","gedung inggrisan sejarah museum sejarah, heritage, edukasi, arsitektur, budaya area parkir, toilet, pusat informasi, pemandu wisata gedung inggrisan adalah destinasi sejarah di kecamatan rogojampi dengan subkategori museum. destinasi ini cocok untuk perjalanan pasangan, menawarkan aktivitas sejarah, heritage, edukasi, arsitektur, estimasi tiket rp20.000, durasi kunjungan sekitar 3 jam, aksesibilitas sedang, dan rating 4.3/5. harga_rendah akses_sedang durasi_3_jam cocok_pasangan",227,185,0.6538544273729829
D0083,Pendopo Sabha Swagata Blambangan,Sejarah,heritage,Glagah,5000,Rendah,4.4,3.0,Sedang,Pasangan,"sejarah, heritage, edukasi, arsitektur, budaya","area parkir, toilet, pusat informasi, pemandu wisata","Pendopo Sabha Swagata Blambangan adalah destinasi Sejarah di Kecamatan Glagah dengan subkategori heritage. Destinasi ini cocok untuk perjalanan pasangan, menawarkan aktivitas sejarah, heritage, edukasi, arsitektur, estimasi tiket Rp5.000, durasi kunjungan sekitar 3 jam, aksesibilitas sedang, dan rating 4.4/5.",Pendopo Sabha Swagata Blambangan Sejarah heritage sejarah heritage edukasi arsitektur budaya area parkir toilet pusat informasi pemandu wisata harga_rendah akses_sedang durasi_3_jam cocok_pasangan,"Pendopo Sabha Swagata Blambangan adalah destinasi Sejarah di Kecamatan Glagah dengan subkategori heritage. Destinasi ini cocok untuk perjalanan pasangan, menawarkan aktivitas sejarah, heritage, edukasi, arsitektur, estimasi tiket Rp5.000, durasi kunjungan sekitar 3 jam, aksesibilitas sedang, dan rating 4.4/5.","pendopo sabha swagata blambangan sejarah heritage sejarah, heritage, edukasi, arsitektur, budaya area parkir, toilet, pusat informasi, pemandu wisata pendopo sabha swagata blambangan adalah destinasi sejarah di kecamatan glagah dengan subkategori heritage. destinasi ini cocok untuk perjalanan pasangan, menawarkan aktivitas sejarah, heritage, edukasi, arsitektur, estimasi tiket rp5.000, durasi kunjungan sekitar 3 jam, aksesibilitas sedang, dan rating 4.4/5. harga_rendah akses_sedang durasi_3_jam cocok_pasangan",228,193,0.6575905384749858
D0084,Pelabuhan Boom Heritage,Sejarah,monumen,Banyuwangi,15000,Rendah,4.4,1.5,Sedang,Teman,"sejarah, heritage, edukasi, arsitektur, budaya","area parkir, toilet, pusat informasi, pemandu wisata","Pelabuhan Boom Heritage adalah destinasi Sejarah di Kecamatan Banyuwangi dengan subkategori monumen. Destinasi ini cocok untuk perjalanan teman, menawarkan aktivitas sejarah, heritage, edukasi, arsitektur, estimasi tiket Rp15.000, durasi kunjungan sekitar 1.5 jam, aksesibilitas sedang, dan rating 4.4/5.",Pelabuhan Boom Heritage Sejarah monumen sejarah heritage edukasi arsitektur budaya area parkir toilet pusat informasi pemandu wisata harga_rendah akses_sedang durasi_1.5_jam cocok_teman,"Pelabuhan Boom Heritage adalah destinasi Sejarah di Kecamatan Banyuwangi dengan subkategori monumen. Destinasi ini cocok untuk perjalanan teman, menawarkan aktivitas sejarah, heritage, edukasi, arsitektur, estimasi tiket Rp15.000, durasi kunjungan sekitar 1.5 jam, aksesibilitas sedang, dan rating 4.4/5.","pelabuhan boom heritage sejarah monumen sejarah, heritage, edukasi, arsitektur, budaya area parkir, toilet, pusat informasi, pemandu wisata pelabuhan boom heritage adalah destinasi sejarah di kecamatan banyuwangi dengan subkategori monumen. destinasi ini cocok untuk perjalanan teman, menawarkan aktivitas sejarah, heritage, edukasi, arsitektur, estimasi tiket rp15.000, durasi kunjungan sekitar 1.5 jam, aksesibilitas sedang, dan rating 4.4/5. harga_rendah akses_sedang durasi_1_jam cocok_teman",205,117,0.5672299467689699
D0085,Stasiun Banyuwangi Kota Heritage,Sejarah,kampung sejarah,Pesanggaran,10000,Rendah,4.5,4.0,Sedang,Keluarga,"sejarah, heritage, edukasi, arsitektur, budaya","area parkir, toilet, pusat informasi, pemandu wisata","Stasiun Banyuwangi Kota Heritage adalah destinasi Sejarah di Kecamatan Pesanggaran dengan subkategori kampung sejarah. Destinasi ini cocok untuk perjalanan keluarga, menawarkan aktivitas sejarah, heritage, edukasi, arsitektur, estimasi tiket Rp10.000, durasi kunjungan sekitar 4 jam, aksesibilitas sedang, dan rating 4.5/5.",Stasiun Banyuwangi Kota Heritage Sejarah kampung sejarah sejarah heritage edukasi arsitektur budaya area parkir toilet pusat informasi pemandu wisata harga_rendah akses_sedang durasi_4_jam cocok_keluarga,"Stasiun Banyuwangi Kota Heritage adalah destinasi Sejarah di Kecamatan Pesanggaran dengan subkategori kampung sejarah. Destinasi ini cocok untuk perjalanan keluarga, menawarkan aktivitas sejarah, heritage, edukasi, arsitektur, estimasi tiket Rp10.000, durasi kunjungan sekitar 4 jam, aksesibilitas sedang, dan rating 4.5/5.","stasiun banyuwangi kota heritage sejarah kampung sejarah sejarah, heritage, edukasi, arsitektur, budaya area parkir, toilet, pusat informasi, pemandu wisata stasiun banyuwangi kota heritage adalah destinasi sejarah di kecamatan pesanggaran dengan subkategori kampung sejarah. destinasi ini cocok untuk perjalanan keluarga, menawarkan aktivitas sejarah, heritage, edukasi, arsitektur, estimasi tiket rp10.000, durasi kunjungan sekitar 4 jam, aksesibilitas sedang, dan rating 4.5/5. harga_rendah akses_sedang durasi_4_jam cocok_keluarga",275,210,0.8169582876315977
D0086,Situs Umpak Songo,Sejarah,situs,Licin,25000,Rendah,4.3,5.0,Mudah,Keluarga,"sejarah, heritage, edukasi, arsitektur, budaya","area parkir, toilet, pusat informasi, pemandu wisata","Situs Umpak Songo adalah destinasi Sejarah di Kecamatan Licin dengan subkategori situs. Destinasi ini cocok untuk perjalanan keluarga, menawarkan aktivitas sejarah, heritage, edukasi, arsitektur, estimasi tiket Rp25.000, durasi kunjungan sekitar 5 jam, aksesibilitas mudah, dan rating 4.3/5.",Situs Umpak Songo Sejarah situs sejarah heritage edukasi arsitektur budaya area parkir toilet pusat informasi pemandu wisata harga_rendah akses_mudah durasi_5_jam cocok_keluarga,"Situs Umpak Songo adalah destinasi Sejarah di Kecamatan Licin dengan subkategori situs. Destinasi ini cocok untuk perjalanan keluarga, menawarkan aktivitas sejarah, heritage, edukasi, arsitektur, estimasi tiket Rp25.000, durasi kunjungan sekitar 5 jam, aksesibilitas mudah, dan rating 4.3/5.","situs umpak songo sejarah situs sejarah, heritage, edukasi, arsitektur, budaya area parkir, toilet, pusat informasi, pemandu wisata situs umpak songo adalah destinasi sejarah di kecamatan licin dengan subkategori situs. destinasi ini cocok untuk perjalanan keluarga, menawarkan aktivitas sejarah, heritage, edukasi, arsitektur, estimasi tiket rp25.000, durasi kunjungan sekitar 5 jam, aksesibilitas mudah, dan rating 4.3/5. harga_rendah akses_mudah durasi_5_jam cocok_keluarga",238,157,0.6940789993614134
D0087,Petilasan Prabu Tawangalun,Sejarah,museum,Glagah,5000,Rendah,4.9,3.0,Sedang,Keluarga,"sejarah, heritage, edukasi, arsitektur, budaya","area parkir, toilet, pusat informasi, pemandu wisata","Petilasan Prabu Tawangalun adalah destinasi Sejarah di Kecamatan Glagah dengan subkategori museum. Destinasi ini cocok untuk perjalanan keluarga, menawarkan aktivitas sejarah, heritage, edukasi, arsitektur, estimasi tiket Rp5.000, durasi kunjungan sekitar 3 jam, aksesibilitas sedang, dan rating 4.9/5.",Petilasan Prabu Tawangalun Sejarah museum sejarah heritage edukasi arsitektur budaya area parkir toilet pusat informasi pemandu wisata harga_rendah akses_sedang durasi_3_jam cocok_keluarga,"Petilasan Prabu Tawangalun adalah destinasi Sejarah di Kecamatan Glagah dengan subkategori museum. Destinasi ini cocok untuk perjalanan keluarga, menawarkan aktivitas sejarah, heritage, edukasi, arsitektur, estimasi tiket Rp5.000, durasi kunjungan sekitar 3 jam, aksesibilitas sedang, dan rating 4.9/5.","petilasan prabu tawangalun sejarah museum sejarah, heritage, edukasi, arsitektur, budaya area parkir, toilet, pusat informasi, pemandu wisata petilasan prabu tawangalun adalah destinasi sejarah di kecamatan glagah dengan subkategori museum. destinasi ini cocok untuk perjalanan keluarga, menawarkan aktivitas sejarah, heritage, edukasi, arsitektur, estimasi tiket rp5.000, durasi kunjungan sekitar 3 jam, aksesibilitas sedang, dan rating 4.9/5. harga_rendah akses_sedang durasi_3_jam cocok_keluarga",257,217,0.7593836645805768
D0088,Monumen Perjuangan Banyuwangi,Sejarah,heritage,Glagah,15000,Rendah,4.8,3.0,Mudah,Solo,"sejarah, heritage, edukasi, arsitektur, budaya","area parkir, toilet, pusat informasi, pemandu wisata","Monumen Perjuangan Banyuwangi adalah destinasi Sejarah di Kecamatan Glagah dengan subkategori heritage. Destinasi ini cocok untuk perjalanan solo, menawarkan aktivitas sejarah, heritage, edukasi, arsitektur, estimasi tiket Rp15.000, durasi kunjungan sekitar 3 jam, aksesibilitas mudah, dan rating 4.8/5.",Monumen Perjuangan Banyuwangi Sejarah heritage sejarah heritage edukasi arsitektur budaya area parkir toilet pusat informasi pemandu wisata harga_rendah akses_mudah durasi_3_jam cocok_solo,"Monumen Perjuangan Banyuwangi adalah destinasi Sejarah di Kecamatan Glagah dengan subkategori heritage. Destinasi ini cocok untuk perjalanan solo, menawarkan aktivitas sejarah, heritage, edukasi, arsitektur, estimasi tiket Rp15.000, durasi kunjungan sekitar 3 jam, aksesibilitas mudah, dan rating 4.8/5.","monumen perjuangan banyuwangi sejarah heritage sejarah, heritage, edukasi, arsitektur, budaya area parkir, toilet, pusat informasi, pemandu wisata monumen perjuangan banyuwangi adalah destinasi sejarah di kecamatan glagah dengan subkategori heritage. destinasi ini cocok untuk perjalanan solo, menawarkan aktivitas sejarah, heritage, edukasi, arsitektur, estimasi tiket rp15.000, durasi kunjungan sekitar 3 jam, aksesibilitas mudah, dan rating 4.8/5. harga_rendah akses_mudah durasi_3_jam cocok_solo",207,168,0.5754783203486815
D0089,Situs Blambangan Muncar,Sejarah,monumen,Muncar,15000,Rendah,4.2,4.0,Sedang,Keluarga,"sejarah, heritage, edukasi, arsitektur, budaya","area parkir, toilet, pusat informasi, pemandu wisata","Situs Blambangan Muncar adalah destinasi Sejarah di Kecamatan Muncar dengan subkategori monumen. Destinasi ini cocok untuk perjalanan keluarga, menawarkan aktivitas sejarah, heritage, edukasi, arsitektur, estimasi tiket Rp15.000, durasi kunjungan sekitar 4 jam, aksesibilitas sedang, dan rating 4.2/5.",Situs Blambangan Muncar Sejarah monumen sejarah heritage edukasi arsitektur budaya area parkir toilet pusat informasi pemandu wisata harga_rendah akses_sedang durasi_4_jam cocok_keluarga,"Situs Blambangan Muncar adalah destinasi Sejarah di Kecamatan Muncar dengan subkategori monumen. Destinasi ini cocok untuk perjalanan keluarga, menawarkan aktivitas sejarah, heritage, edukasi, arsitektur, estimasi tiket Rp15.000, durasi kunjungan sekitar 4 jam, aksesibilitas sedang, dan rating 4.2/5.","situs blambangan muncar sejarah monumen sejarah, heritage, edukasi, arsitektur, budaya area parkir, toilet, pusat informasi, pemandu wisata situs blambangan muncar adalah destinasi sejarah di kecamatan muncar dengan subkategori monumen. destinasi ini cocok untuk perjalanan keluarga, menawarkan aktivitas sejarah, heritage, edukasi, arsitektur, estimasi tiket rp15.000, durasi kunjungan sekitar 4 jam, aksesibilitas sedang, dan rating 4.2/5. harga_rendah akses_sedang durasi_4_jam cocok_keluarga",247,186,0.7256361865751663
D0090,Kampung Heritage Temenggungan,Sejarah,kampung sejarah,Tegaldlimo,5000,Rendah,4.2,4.0,Sedang,Keluarga,"sejarah, heritage, edukasi, arsitektur, budaya","area parkir, toilet, pusat informasi, pemandu wisata","Kampung Heritage Temenggungan adalah destinasi Sejarah di Kecamatan Tegaldlimo dengan subkategori kampung sejarah. Destinasi ini cocok untuk perjalanan keluarga, menawarkan aktivitas sejarah, heritage, edukasi, arsitektur, estimasi tiket Rp5.000, durasi kunjungan sekitar 4 jam, aksesibilitas sedang, dan rating 4.2/5.",Kampung Heritage Temenggungan Sejarah kampung sejarah sejarah heritage edukasi arsitektur budaya area parkir toilet pusat informasi pemandu wisata harga_rendah akses_sedang durasi_4_jam cocok_keluarga,"Kampung Heritage Temenggungan adalah destinasi Sejarah di Kecamatan Tegaldlimo dengan subkategori kampung sejarah. Destinasi ini cocok untuk perjalanan keluarga, menawarkan aktivitas sejarah, heritage, edukasi, arsitektur, estimasi tiket Rp5.000, durasi kunjungan sekitar 4 jam, aksesibilitas sedang, dan rating 4.2/5.","kampung heritage temenggungan sejarah kampung sejarah sejarah, heritage, edukasi, arsitektur, budaya area parkir, toilet, pusat informasi, pemandu wisata kampung heritage temenggungan adalah destinasi sejarah di kecamatan tegaldlimo dengan subkategori kampung sejarah. destinasi ini cocok untuk perjalanan keluarga, menawarkan aktivitas sejarah, heritage, edukasi, arsitektur, estimasi tiket rp5.000, durasi kunjungan sekitar 4 jam, aksesibilitas sedang, dan rating 4.2/5. harga_rendah akses_sedang durasi_4_jam cocok_keluarga",208,166,0.5795728127263629
D0091,Pasar Banyuwangi,Belanja,pasar,Tegaldlimo,5000,Rendah,4.8,1.0,Mudah,Solo,"belanja, oleh-oleh, batik, umkm, kuliner","area parkir, toilet, pusat oleh-oleh, pembayaran non-tunai","Pasar Banyuwangi adalah destinasi Belanja di Kecamatan Tegaldlimo dengan subkategori pasar. Destinasi ini cocok untuk perjalanan solo, menawarkan aktivitas belanja, oleh-oleh, batik, umkm, estimasi tiket Rp5.000, durasi kunjungan sekitar 1 jam, aksesibilitas mudah, dan rating 4.8/5.",Pasar Banyuwangi Belanja pasar belanja oleh-oleh batik umkm kuliner area parkir toilet pusat oleh-oleh pembayaran non-tunai harga_rendah akses_mudah durasi_1_jam cocok_solo,"Pasar Banyuwangi adalah destinasi Belanja di Kecamatan Tegaldlimo dengan subkategori pasar. Destinasi ini cocok untuk perjalanan solo, menawarkan aktivitas belanja, oleh-oleh, batik, umkm, estimasi tiket Rp5.000, durasi kunjungan sekitar 1 jam, aksesibilitas mudah, dan rating 4.8/5.","pasar banyuwangi belanja pasar belanja, oleh-oleh, batik, umkm, kuliner area parkir, toilet, pusat oleh-oleh, pembayaran non-tunai pasar banyuwangi adalah destinasi belanja di kecamatan tegaldlimo dengan subkategori pasar. destinasi ini cocok untuk perjalanan solo, menawarkan aktivitas belanja, oleh-oleh, batik, umkm, estimasi tiket rp5.000, durasi kunjungan sekitar 1 jam, aksesibilitas mudah, dan rating 4.8/5. harga_rendah akses_mudah durasi_1_jam cocok_solo",188,143,0.49370148614054776
D0092,Pasar Genteng,Belanja,oleh-oleh,Tegaldlimo,20000,Rendah,4.5,5.0,Sulit,Komunitas,"belanja, oleh-oleh, batik, umkm, kuliner","area parkir, toilet, pusat oleh-oleh, pembayaran non-tunai","Pasar Genteng adalah destinasi Belanja di Kecamatan Tegaldlimo dengan subkategori oleh-oleh. Destinasi ini cocok untuk perjalanan komunitas, menawarkan aktivitas belanja, oleh-oleh, batik, umkm, estimasi tiket Rp20.000, durasi kunjungan sekitar 5 jam, aksesibilitas sulit, dan rating 4.5/5.",Pasar Genteng Belanja oleh-oleh belanja oleh-oleh batik umkm kuliner area parkir toilet pusat oleh-oleh pembayaran non-tunai harga_rendah akses_sulit durasi_5_jam cocok_komunitas,"Pasar Genteng adalah destinasi Belanja di Kecamatan Tegaldlimo dengan subkategori oleh-oleh. Destinasi ini cocok untuk perjalanan komunitas, menawarkan aktivitas belanja, oleh-oleh, batik, umkm, estimasi tiket Rp20.000, durasi kunjungan sekitar 5 jam, aksesibilitas sulit, dan rating 4.5/5.","pasar genteng belanja oleh-oleh belanja, oleh-oleh, batik, umkm, kuliner area parkir, toilet, pusat oleh-oleh, pembayaran non-tunai pasar genteng adalah destinasi belanja di kecamatan tegaldlimo dengan subkategori oleh-oleh. destinasi ini cocok untuk perjalanan komunitas, menawarkan aktivitas belanja, oleh-oleh, batik, umkm, estimasi tiket rp20.000, durasi kunjungan sekitar 5 jam, aksesibilitas sulit, dan rating 4.5/5. harga_rendah akses_sulit durasi_5_jam cocok_komunitas",320,148,0.9459013590486373
D0093,Sentra Batik Virdes,Belanja,batik,Glagah,15000,Rendah,4.7,3.0,Mudah,Teman,"belanja, oleh-oleh, batik, umkm, kuliner","area parkir, toilet, pusat oleh-oleh, pembayaran non-tunai","Sentra Batik Virdes adalah destinasi Belanja di Kecamatan Glagah dengan subkategori batik. Destinasi ini cocok untuk perjalanan teman, menawarkan aktivitas belanja, oleh-oleh, batik, umkm, estimasi tiket Rp15.000, durasi kunjungan sekitar 3 jam, aksesibilitas mudah, dan rating 4.7/5.",Sentra Batik Virdes Belanja batik belanja oleh-oleh batik umkm kuliner area parkir toilet pusat oleh-oleh pembayaran non-tunai harga_rendah akses_mudah durasi_3_jam cocok_teman,"Sentra Batik Virdes adalah destinasi Belanja di Kecamatan Glagah dengan subkategori batik. Destinasi ini cocok untuk perjalanan teman, menawarkan aktivitas belanja, oleh-oleh, batik, umkm, estimasi tiket Rp15.000, durasi kunjungan sekitar 3 jam, aksesibilitas mudah, dan rating 4.7/5.","sentra batik virdes belanja batik belanja, oleh-oleh, batik, umkm, kuliner area parkir, toilet, pusat oleh-oleh, pembayaran non-tunai sentra batik virdes adalah destinasi belanja di kecamatan glagah dengan subkategori batik. destinasi ini cocok untuk perjalanan teman, menawarkan aktivitas belanja, oleh-oleh, batik, umkm, estimasi tiket rp15.000, durasi kunjungan sekitar 3 jam, aksesibilitas mudah, dan rating 4.7/5. harga_rendah akses_mudah durasi_3_jam cocok_teman",225,191,0.6463327925996142
D0094,Galeri Batik Banyuwangi,Belanja,umkm,Tegaldlimo,15000,Rendah,4.2,1.5,Sedang,Pasangan,"belanja, oleh-oleh, batik, umkm, kuliner","area parkir, toilet, pusat oleh-oleh, pembayaran non-tunai","Galeri Batik Banyuwangi adalah destinasi Belanja di Kecamatan Tegaldlimo dengan subkategori umkm. Destinasi ini cocok untuk perjalanan pasangan, menawarkan aktivitas belanja, oleh-oleh, batik, umkm, estimasi tiket Rp15.000, durasi kunjungan sekitar 1.5 jam, aksesibilitas sedang, dan rating 4.2/5.",Galeri Batik Banyuwangi Belanja umkm belanja oleh-oleh batik umkm kuliner area parkir toilet pusat oleh-oleh pembayaran non-tunai harga_rendah akses_sedang durasi_1.5_jam cocok_pasangan,"Galeri Batik Banyuwangi adalah destinasi Belanja di Kecamatan Tegaldlimo dengan subkategori umkm. Destinasi ini cocok untuk perjalanan pasangan, menawarkan aktivitas belanja, oleh-oleh, batik, umkm, estimasi tiket Rp15.000, durasi kunjungan sekitar 1.5 jam, aksesibilitas sedang, dan rating 4.2/5.","galeri batik banyuwangi belanja umkm belanja, oleh-oleh, batik, umkm, kuliner area parkir, toilet, pusat oleh-oleh, pembayaran non-tunai galeri batik banyuwangi adalah destinasi belanja di kecamatan tegaldlimo dengan subkategori umkm. destinasi ini cocok untuk perjalanan pasangan, menawarkan aktivitas belanja, oleh-oleh, batik, umkm, estimasi tiket rp15.000, durasi kunjungan sekitar 1.5 jam, aksesibilitas sedang, dan rating 4.2/5. harga_rendah akses_sedang durasi_1_jam cocok_pasangan",178,102,0.44729332051178233
D0095,Sentra UMKM Rogojampi,Belanja,mall,Pesanggaran,15000,Rendah,4.6,2.0,Mudah,Pasangan,"belanja, oleh-oleh, batik, umkm, kuliner","area parkir, toilet, pusat oleh-oleh, pembayaran non-tunai","Sentra UMKM Rogojampi adalah destinasi Belanja di Kecamatan Pesanggaran dengan subkategori mall. Destinasi ini cocok untuk perjalanan pasangan, menawarkan aktivitas belanja, oleh-oleh, batik, umkm, estimasi tiket Rp15.000, durasi kunjungan sekitar 2 jam, aksesibilitas mudah, dan rating 4.6/5.",Sentra UMKM Rogojampi Belanja mall belanja oleh-oleh batik umkm kuliner area parkir toilet pusat oleh-oleh pembayaran non-tunai harga_rendah akses_mudah durasi_2_jam cocok_pasangan,"Sentra UMKM Rogojampi adalah destinasi Belanja di Kecamatan Pesanggaran dengan subkategori mall. Destinasi ini cocok untuk perjalanan pasangan, menawarkan aktivitas belanja, oleh-oleh, batik, umkm, estimasi tiket Rp15.000, durasi kunjungan sekitar 2 jam, aksesibilitas mudah, dan rating 4.6/5.","sentra umkm rogojampi belanja mall belanja, oleh-oleh, batik, umkm, kuliner area parkir, toilet, pusat oleh-oleh, pembayaran non-tunai sentra umkm rogojampi adalah destinasi belanja di kecamatan pesanggaran dengan subkategori mall. destinasi ini cocok untuk perjalanan pasangan, menawarkan aktivitas belanja, oleh-oleh, batik, umkm, estimasi tiket rp15.000, durasi kunjungan sekitar 2 jam, aksesibilitas mudah, dan rating 4.6/5. harga_rendah akses_mudah durasi_2_jam cocok_pasangan",159,142,0.3514979414088015
D0096,Pusat Oleh-Oleh Ketapang,Belanja,pasar,Pesanggaran,10000,Rendah,4.3,3.0,Mudah,Teman,"belanja, oleh-oleh, batik, umkm, kuliner","area parkir, toilet, pusat oleh-oleh, pembayaran non-tunai","Pusat Oleh-Oleh Ketapang adalah destinasi Belanja di Kecamatan Pesanggaran dengan subkategori pasar. Destinasi ini cocok untuk perjalanan teman, menawarkan aktivitas belanja, oleh-oleh, batik, umkm, estimasi tiket Rp10.000, durasi kunjungan sekitar 3 jam, aksesibilitas mudah, dan rating 4.3/5.",Pusat Oleh-Oleh Ketapang Belanja pasar belanja oleh-oleh batik umkm kuliner area parkir toilet pusat oleh-oleh pembayaran non-tunai harga_rendah akses_mudah durasi_3_jam cocok_teman,"Pusat Oleh-Oleh Ketapang adalah destinasi Belanja di Kecamatan Pesanggaran dengan subkategori pasar. Destinasi ini cocok untuk perjalanan teman, menawarkan aktivitas belanja, oleh-oleh, batik, umkm, estimasi tiket Rp10.000, durasi kunjungan sekitar 3 jam, aksesibilitas mudah, dan rating 4.3/5.","pusat oleh-oleh ketapang belanja pasar belanja, oleh-oleh, batik, umkm, kuliner area parkir, toilet, pusat oleh-oleh, pembayaran non-tunai pusat oleh-oleh ketapang adalah destinasi belanja di kecamatan pesanggaran dengan subkategori pasar. destinasi ini cocok untuk perjalanan teman, menawarkan aktivitas belanja, oleh-oleh, batik, umkm, estimasi tiket rp10.000, durasi kunjungan sekitar 3 jam, aksesibilitas mudah, dan rating 4.3/5. harga_rendah akses_mudah durasi_3_jam cocok_teman",209,164,0.5836477609132886
D0097,Pasar Rogojampi,Belanja,oleh-oleh,Muncar,15000,Rendah,4.6,4.0,Mudah,Solo,"belanja, oleh-oleh, batik, umkm, kuliner","area parkir, toilet, pusat oleh-oleh, pembayaran non-tunai","Pasar Rogojampi adalah destinasi Belanja di Kecamatan Muncar dengan subkategori oleh-oleh. Destinasi ini cocok untuk perjalanan solo, menawarkan aktivitas belanja, oleh-oleh, batik, umkm, estimasi tiket Rp15.000, durasi kunjungan sekitar 4 jam, aksesibilitas mudah, dan rating 4.6/5.",Pasar Rogojampi Belanja oleh-oleh belanja oleh-oleh batik umkm kuliner area parkir toilet pusat oleh-oleh pembayaran non-tunai harga_rendah akses_mudah durasi_4_jam cocok_solo,"Pasar Rogojampi adalah destinasi Belanja di Kecamatan Muncar dengan subkategori oleh-oleh. Destinasi ini cocok untuk perjalanan solo, menawarkan aktivitas belanja, oleh-oleh, batik, umkm, estimasi tiket Rp15.000, durasi kunjungan sekitar 4 jam, aksesibilitas mudah, dan rating 4.6/5.","pasar rogojampi belanja oleh-oleh belanja, oleh-oleh, batik, umkm, kuliner area parkir, toilet, pusat oleh-oleh, pembayaran non-tunai pasar rogojampi adalah destinasi belanja di kecamatan muncar dengan subkategori oleh-oleh. destinasi ini cocok untuk perjalanan solo, menawarkan aktivitas belanja, oleh-oleh, batik, umkm, estimasi tiket rp15.000, durasi kunjungan sekitar 4 jam, aksesibilitas mudah, dan rating 4.6/5. harga_rendah akses_mudah durasi_4_jam cocok_solo",246,185,0.7221868888554197
D0098,Pasar Muncar,Belanja,batik,Muncar,10000,Rendah,4.5,2.5,Mudah,Solo,"belanja, oleh-oleh, batik, umkm, kuliner","area parkir, toilet, pusat oleh-oleh, pembayaran non-tunai","Pasar Muncar adalah destinasi Belanja di Kecamatan Muncar dengan subkategori batik. Destinasi ini cocok untuk perjalanan solo, menawarkan aktivitas belanja, oleh-oleh, batik, umkm, estimasi tiket Rp10.000, durasi kunjungan sekitar 2.5 jam, aksesibilitas mudah, dan rating 4.5/5.",Pasar Muncar Belanja batik belanja oleh-oleh batik umkm kuliner area parkir toilet pusat oleh-oleh pembayaran non-tunai harga_rendah akses_mudah durasi_2.5_jam cocok_solo,"Pasar Muncar adalah destinasi Belanja di Kecamatan Muncar dengan subkategori batik. Destinasi ini cocok untuk perjalanan solo, menawarkan aktivitas belanja, oleh-oleh, batik, umkm, estimasi tiket Rp10.000, durasi kunjungan sekitar 2.5 jam, aksesibilitas mudah, dan rating 4.5/5.","pasar muncar belanja batik belanja, oleh-oleh, batik, umkm, kuliner area parkir, toilet, pusat oleh-oleh, pembayaran non-tunai pasar muncar adalah destinasi belanja di kecamatan muncar dengan subkategori batik. destinasi ini cocok untuk perjalanan solo, menawarkan aktivitas belanja, oleh-oleh, batik, umkm, estimasi tiket rp10.000, durasi kunjungan sekitar 2.5 jam, aksesibilitas mudah, dan rating 4.5/5. harga_rendah akses_mudah durasi_2_jam cocok_solo",177,145,0.442510674813993
D0099,Osing Deles Oleh-Oleh,Belanja,umkm,Muncar,30000,Sedang,4.5,4.0,Mudah,Komunitas,"belanja, oleh-oleh, batik, umkm, kuliner","area parkir, toilet, pusat oleh-oleh, pembayaran non-tunai","Osing Deles Oleh-Oleh adalah destinasi Belanja di Kecamatan Muncar dengan subkategori umkm. Destinasi ini cocok untuk perjalanan komunitas, menawarkan aktivitas belanja, oleh-oleh, batik, umkm, estimasi tiket Rp30.000, durasi kunjungan sekitar 4 jam, aksesibilitas mudah, dan rating 4.5/5.",Osing Deles Oleh-Oleh Belanja umkm belanja oleh-oleh batik umkm kuliner area parkir toilet pusat oleh-oleh pembayaran non-tunai harga_sedang akses_mudah durasi_4_jam cocok_komunitas,"Osing Deles Oleh-Oleh adalah destinasi Belanja di Kecamatan Muncar dengan subkategori umkm. Destinasi ini cocok untuk perjalanan komunitas, menawarkan aktivitas belanja, oleh-oleh, batik, umkm, estimasi tiket Rp30.000, durasi kunjungan sekitar 4 jam, aksesibilitas mudah, dan rating 4.5/5.","osing deles oleh-oleh belanja umkm belanja, oleh-oleh, batik, umkm, kuliner area parkir, toilet, pusat oleh-oleh, pembayaran non-tunai osing deles oleh-oleh adalah destinasi belanja di kecamatan muncar dengan subkategori umkm. destinasi ini cocok untuk perjalanan komunitas, menawarkan aktivitas belanja, oleh-oleh, batik, umkm, estimasi tiket rp30.000, durasi kunjungan sekitar 4 jam, aksesibilitas mudah, dan rating 4.5/5. harga_sedang akses_mudah durasi_4_jam cocok_komunitas",188,111,0.49370148614054776
D0100,Banyuwangi Mall,Belanja,mall,Muncar,15000,Rendah,4.0,2.0,Mudah,Solo,"belanja, oleh-oleh, batik, umkm, kuliner","area parkir, toilet, pusat oleh-oleh, pembayaran non-tunai","Banyuwangi Mall adalah destinasi Belanja di Kecamatan Muncar dengan subkategori mall. Destinasi ini cocok untuk perjalanan solo, menawarkan aktivitas belanja, oleh-oleh, batik, umkm, estimasi tiket Rp15.000, durasi kunjungan sekitar 2 jam, aksesibilitas mudah, dan rating 4/5.",Banyuwangi Mall Belanja mall belanja oleh-oleh batik umkm kuliner area parkir toilet pusat oleh-oleh pembayaran non-tunai harga_rendah akses_mudah durasi_2_jam cocok_solo,"Banyuwangi Mall adalah destinasi Belanja di Kecamatan Muncar dengan subkategori mall. Destinasi ini cocok untuk perjalanan solo, menawarkan aktivitas belanja, oleh-oleh, batik, umkm, estimasi tiket Rp15.000, durasi kunjungan sekitar 2 jam, aksesibilitas mudah, dan rating 4/5.","banyuwangi mall belanja mall belanja, oleh-oleh, batik, umkm, kuliner area parkir, toilet, pusat oleh-oleh, pembayaran non-tunai banyuwangi mall adalah destinasi belanja di kecamatan muncar dengan subkategori mall. destinasi ini cocok untuk perjalanan solo, menawarkan aktivitas belanja, oleh-oleh, batik, umkm, estimasi tiket rp15.000, durasi kunjungan sekitar 2 jam, aksesibilitas mudah, dan rating 4/5. harga_rendah akses_mudah durasi_2_jam cocok_solo",105,105,0.0
